site,year,month,day,time,GBCC,snow1,snow_ratio1,snow2,snow_ratio2,snow3,snow_ratio3,snow_ratio
hawbeckereddy,2015,09,24,120006,0.238479558971121,7.0,9.480572951654495e-06,0.0,0.0,7.0,9.480572951654495e-06,0.0009480572951654495
hawbeckereddy,2015,09,25,120008,0.27937418910365897,3.0,4.063102693566212e-06,0.0,0.0,3.0,4.063102693566212e-06,0.0004063102693566212
hawbeckereddy,2015,09,26,120008,0.25407080537772764,4.0,5.417470258088283e-06,0.0,0.0,4.0,5.417470258088283e-06,0.0005417470258088284
hawbeckereddy,2015,09,27,120008,0.2507191873843193,0.0,0.0,0.0,0.0,0.0,0.0,0.0
hawbeckereddy,2015,09,28,120008,0.24928336499189085,3.0,4.063102693566212e-06,0.0,0.0,3.0,4.063102693566212e-06,0.0004063102693566212
hawbeckereddy,2015,09,29,120007,0.2528002763380578,3.0,4.063102693566212e-06,0.0,0.0,3.0,4.063102693566212e-06,0.0004063102693566212
hawbeckereddy,2015,09,30,120007,0.21339333280915623,0.0,0.0,0.0,0.0,0.0,0.0,0.0
hawbeckereddy,2015,10,01,120009,0.23760580235346515,0.0,0.0,0.0,0.0,0.0,0.0,0.0
hawbeckereddy,2015,10,05,120007,0.23320204465214267,3.0,4.063102693566212e-06,0.0,0.0,3.0,4.063102693566212e-06,0.0004063102693566212
hawbeckereddy,2015,10,06,120005,0.23846675001248557,2.0,2.7087351290441417e-06,0.0,0.0,2.0,2.7087351290441417e-06,0.0002708735129044142
hawbeckereddy,2015,10,07,120008,0.24746560124692302,0.0,0.0,0.0,0.0,0.0,0.0,0.0
hawbeckereddy,2015,10,08,120007,0.22412534659147712,13.0,1.760677833878692e-05,0.0,0.0,13.0,1.760677833878692e-05,0.001760677833878692
hawbeckereddy,2015,10,09,120008,0.24815880028497916,1.0,1.3543675645220708e-06,0.0,0.0,1.0,1.3543675645220708e-06,0.0001354367564522071
hawbeckereddy,2015,10,10,120008,0.20908508224191227,41.0,5.55290701454049e-05,0.0,0.0,41.0,5.55290701454049e-05,0.0055529070145404905
hawbeckereddy,2015,10,11,120008,0.2146488377703004,80.0,0.00010834940516176566,0.0,0.0,80.0,0.00010834940516176566,0.010834940516176566
hawbeckereddy,2015,10,12,120009,0.16710564530065228,0.0,0.0,0.0,0.0,0.0,0.0,0.0
hawbeckereddy,2015,10,13,120008,0.18487923754030056,70.0,9.480572951654495e-05,0.0,0.0,70.0,9.480572951654495e-05,0.009480572951654494
hawbeckereddy,2015,10,14,120008,0.17025608659418473,0.0,0.0,0.0,0.0,0.0,0.0,0.0
hawbeckereddy,2015,10,15,120008,0.16442772564127886,0.0,0.0,0.0,0.0,0.0,0.0,0.0
hawbeckereddy,2015,10,16,120008,0.17586138857946568,0.0,0.0,0.0,0.0,0.0,0.0,0.0
hawbeckereddy,2015,10,17,120008,0.18027106984630514,0.0,0.0,0.0,0.0,0.0,0.0,0.0
hawbeckereddy,2015,10,18,120005,0.1583859428315972,0.0,0.0,0.0,0.0,0.0,0.0,0.0
hawbeckereddy,2015,10,19,120008,0.1516714968784575,1.0,1.3543675645220708e-06,0.0,0.0,1.0,1.3543675645220708e-06,0.0001354367564522071
hawbeckereddy,2015,10,20,120007,0.15860517225951895,0.0,0.0,0.0,0.0,0.0,0.0,0.0
hawbeckereddy,2015,10,21,120008,0.1600984627728128,0.0,0.0,0.0,0.0,0.0,0.0,0.0
hawbeckereddy,2015,10,22,120007,0.17562001169927854,0.0,0.0,0.0,0.0,0.0,0.0,0.0
hawbeckereddy,2015,10,23,120006,0.15720502551073928,0.0,0.0,0.0,0.0,0.0,0.0,0.0
hawbeckereddy,2015,10,24,120008,0.17201984223672404,0.0,0.0,0.0,0.0,0.0,0.0,0.0
hawbeckereddy,2015,10,25,120007,0.1674725776469634,0.0,0.0,0.0,0.0,0.0,0.0,0.0
hawbeckereddy,2015,10,27,130005,0.17327454534059222,0.0,0.0,0.0,0.0,0.0,0.0,0.0
hawbeckereddy,2015,10,29,120008,0.19246269986185596,9.0,1.2189308080698637e-05,0.0,0.0,9.0,1.2189308080698637e-05,0.0012189308080698636
hawbeckereddy,2015,10,30,120008,0.1868426596070661,0.0,0.0,0.0,0.0,0.0,0.0,0.0
hawbeckereddy,2015,10,31,120008,0.1854998149905891,0.0,0.0,0.0,0.0,0.0,0.0,0.0
hawbeckereddy,2015,11,01,120008,0.16474867077549143,0.0,0.0,0.0,0.0,0.0,0.0,0.0
hawbeckereddy,2015,11,02,120007,0.16901587057840434,12.0,1.625241077426485e-05,0.0,0.0,12.0,1.625241077426485e-05,0.0016252410774264849
hawbeckereddy,2015,11,03,120008,0.170778520639301,4.0,5.417470258088283e-06,0.0,0.0,4.0,5.417470258088283e-06,0.0005417470258088284
hawbeckereddy,2015,11,04,120008,0.17044530071782676,8.0,1.0834940516176567e-05,0.0,0.0,8.0,1.0834940516176567e-05,0.0010834940516176567
hawbeckereddy,2015,11,05,120008,0.1725539337411052,30.0,4.063102693566212e-05,0.0,0.0,30.0,4.063102693566212e-05,0.004063102693566212
hawbeckereddy,2015,11,06,120008,0.19696463579268217,0.0,0.0,0.0,0.0,0.0,0.0,0.0
hawbeckereddy,2015,11,07,120007,0.1848972974369505,0.0,0.0,0.0,0.0,0.0,0.0,0.0
hawbeckereddy,2015,11,08,120005,0.17842320704885306,175.0,0.0002370143237913624,0.0,0.0,175.0,0.0002370143237913624,0.023701432379136238
hawbeckereddy,2015,11,09,120007,0.17201076162576898,24.0,3.25048215485297e-05,0.0,0.0,24.0,3.25048215485297e-05,0.0032504821548529697
hawbeckereddy,2015,11,10,120008,0.19783390676340953,1.0,1.3543675645220708e-06,0.0,0.0,1.0,1.3543675645220708e-06,0.0001354367564522071
hawbeckereddy,2015,11,11,120008,0.18392261757274958,0.0,0.0,0.0,0.0,0.0,0.0,0.0
hawbeckereddy,2015,11,12,120008,0.18950396237369263,0.0,0.0,0.0,0.0,0.0,0.0,0.0
hawbeckereddy,2015,11,13,120008,0.18257821305237035,0.0,0.0,0.0,0.0,0.0,0.0,0.0
hawbeckereddy,2015,11,14,120006,0.18636789377849966,1.0,1.3543675645220708e-06,0.0,0.0,1.0,1.3543675645220708e-06,0.0001354367564522071
hawbeckereddy,2015,11,15,120008,0.17391274682344288,28.0,3.792229180661798e-05,0.0,0.0,28.0,3.792229180661798e-05,0.003792229180661798
hawbeckereddy,2015,11,16,120008,0.17400712228845905,36.0,4.875723232279455e-05,0.0,0.0,36.0,4.875723232279455e-05,0.0048757232322794546
hawbeckereddy,2015,11,17,120008,0.17937429507351088,37.0,5.011159988731662e-05,0.0,0.0,37.0,5.011159988731662e-05,0.005011159988731662
hawbeckereddy,2015,11,18,120007,0.1833483385087571,0.0,0.0,0.0,0.0,0.0,0.0,0.0
hawbeckereddy,2015,11,19,120007,0.184818201441702,7.0,9.480572951654495e-06,0.0,0.0,7.0,9.480572951654495e-06,0.0009480572951654495
hawbeckereddy,2015,11,20,120008,0.16667363364181434,92.0,0.0001246018159360305,0.0,0.0,92.0,0.0001246018159360305,0.01246018159360305
hawbeckereddy,2015,11,21,120007,0.17541247552847283,44.0,5.9592172838971117e-05,0.0,0.0,44.0,5.9592172838971117e-05,0.005959217283897112
hawbeckereddy,2015,11,22,120008,0.18849818069071572,0.0,0.0,0.0,0.0,0.0,0.0,0.0
hawbeckereddy,2015,11,23,120007,0.1438723365717215,0.0,0.0,0.0,0.0,0.0,0.0,0.0
hawbeckereddy,2015,11,24,120007,0.1781274269710127,4.0,5.417470258088283e-06,0.0,0.0,4.0,5.417470258088283e-06,0.0005417470258088284
hawbeckereddy,2015,11,25,120008,0.16479188655819682,39.0,5.282033501636076e-05,0.0,0.0,39.0,5.282033501636076e-05,0.005282033501636077
hawbeckereddy,2015,11,26,120008,0.19237392768440828,0.0,0.0,0.0,0.0,0.0,0.0,0.0
hawbeckereddy,2015,11,27,120007,0.1899102221138781,0.0,0.0,0.0,0.0,0.0,0.0,0.0
hawbeckereddy,2015,11,28,120007,0.1693989823519302,0.0,0.0,0.0,0.0,0.0,0.0,0.0
hawbeckereddy,2015,11,29,120008,0.1704794870690747,57.0,7.719895117775803e-05,0.0,0.0,57.0,7.719895117775803e-05,0.007719895117775803
hawbeckereddy,2015,11,30,120008,0.18373468478027033,0.0,0.0,0.0,0.0,0.0,0.0,0.0
hawbeckereddy,2015,12,01,120008,0.1902388184980204,0.0,0.0,0.0,0.0,0.0,0.0,0.0
hawbeckereddy,2015,12,02,120007,0.19046459218312503,0.0,0.0,0.0,0.0,0.0,0.0,0.0
hawbeckereddy,2015,12,03,120008,0.17213990352441416,0.0,0.0,0.0,0.0,0.0,0.0,0.0
hawbeckereddy,2015,12,08,120008,0.1765993083302353,68.0,9.209699438750082e-05,0.0,0.0,68.0,9.209699438750082e-05,0.009209699438750081
hawbeckereddy,2015,12,09,120008,0.190402571278053,0.0,0.0,0.0,0.0,0.0,0.0,0.0
hawbeckereddy,2015,12,10,120008,0.1754734919462092,95.0,0.00012866491862959672,0.0,0.0,95.0,0.00012866491862959672,0.012866491862959671
hawbeckereddy,2015,12,11,120008,0.1796772435262664,0.0,0.0,0.0,0.0,0.0,0.0,0.0
hawbeckereddy,2015,12,12,120007,0.18472570488986342,0.0,0.0,0.0,0.0,0.0,0.0,0.0
hawbeckereddy,2015,12,15,120005,0.16602763051978944,11.0,1.4898043209742779e-05,0.0,0.0,11.0,1.4898043209742779e-05,0.001489804320974278
hawbeckereddy,2015,12,17,120007,0.1826627073647668,0.0,0.0,0.0,0.0,0.0,0.0,0.0
hawbeckereddy,2015,12,18,120009,0.1578468517961464,7.0,9.480572951654495e-06,6.0,8.126205387132425e-06,10.0,1.3543675645220707e-05,0.0009480572951654495
hawbeckereddy,2015,12,19,120007,0.15789001234725208,3.0,4.063102693566212e-06,0.0,0.0,3.0,4.063102693566212e-06,0.0004063102693566212
hawbeckereddy,2015,12,20,120008,0.16114282682922357,73.0,9.886883221011117e-05,0.0,0.0,73.0,9.886883221011117e-05,0.009886883221011116
hawbeckereddy,2015,12,21,120008,0.16678515722357592,1.0,1.3543675645220708e-06,0.0,0.0,1.0,1.3543675645220708e-06,0.0001354367564522071
hawbeckereddy,2015,12,22,120006,0.1777455404254277,0.0,0.0,0.0,0.0,0.0,0.0,0.0
hawbeckereddy,2015,12,23,120009,0.17373974974073553,0.0,0.0,0.0,0.0,0.0,0.0,0.0
hawbeckereddy,2015,12,24,120007,0.18177688797755442,1.0,1.3543675645220708e-06,0.0,0.0,1.0,1.3543675645220708e-06,0.0001354367564522071
hawbeckereddy,2015,12,25,120008,0.17313082708676789,0.0,0.0,0.0,0.0,0.0,0.0,0.0
hawbeckereddy,2015,12,26,120005,0.16132425106740145,4.0,5.417470258088283e-06,0.0,0.0,4.0,5.417470258088283e-06,0.0005417470258088284
hawbeckereddy,2015,12,27,120007,0.18434730104424157,10.0,1.3543675645220707e-05,0.0,0.0,10.0,1.3543675645220707e-05,0.0013543675645220708
hawbeckereddy,2015,12,28,120007,0.16012623560741351,0.0,0.0,0.0,0.0,0.0,0.0,0.0
hawbeckereddy,2015,12,29,120006,0.1755963989279113,0.0,0.0,0.0,0.0,0.0,0.0,0.0
hawbeckereddy,2015,12,30,120007,0.1644562591731938,5.0,6.771837822610354e-06,0.0,0.0,5.0,6.771837822610354e-06,0.0006771837822610354
hawbeckereddy,2016,01,04,120007,0.14554616777105692,72.0,9.75144646455891e-05,0.0,0.0,72.0,9.75144646455891e-05,0.009751446464558909
hawbeckereddy,2016,01,05,120008,0.14065653764841526,92.0,0.0001246018159360305,0.0,0.0,92.0,0.0001246018159360305,0.01246018159360305
hawbeckereddy,2016,01,06,120008,0.14095885846819317,47.0,6.365527553253732e-05,0.0,0.0,47.0,6.365527553253732e-05,0.006365527553253732
hawbeckereddy,2016,01,07,120007,0.1421433133342564,28.0,3.792229180661798e-05,0.0,0.0,28.0,3.792229180661798e-05,0.003792229180661798
hawbeckereddy,2016,01,08,120007,0.14832299471936125,0.0,0.0,0.0,0.0,0.0,0.0,0.0
hawbeckereddy,2016,01,09,120007,0.1533594901460748,0.0,0.0,0.0,0.0,0.0,0.0,0.0
hawbeckereddy,2016,01,10,120008,0.17051862905449655,0.0,0.0,0.0,0.0,0.0,0.0,0.0
hawbeckereddy,2016,01,11,120007,0.13012699468995004,2.0,2.7087351290441417e-06,0.0,0.0,2.0,2.7087351290441417e-06,0.0002708735129044142
hawbeckereddy,2016,01,12,120006,0.003955125707028105,735363.0,0.9959517953496435,390203.0,0.5284782867792056,735398.0,0.9959991982144017,99.59991982144018
hawbeckereddy,2016,01,13,120008,0.015273871597865528,705567.0,0.9555970593971439,7819.0,0.01058979998699807,705570.0,0.9556011224998375,95.56011224998375
hawbeckereddy,2016,01,14,120007,0.007447812462350942,738251.0,0.9998632088759832,597862.0,0.8097249008602942,738251.0,0.9998632088759832,99.98632088759832
hawbeckereddy,2016,01,15,120006,0.08457960174603897,161196.0,0.21831863393069972,63178.0,0.08556623399137539,161713.0,0.21901884196155763,21.901884196155763
hawbeckereddy,2016,01,16,120007,0.15174514263570943,1724.0,0.00233492968123605,1013.0,0.0013719743428608577,1748.0,0.00236743450278458,0.233492968123605
hawbeckereddy,2016,01,17,120007,0.13006958740603916,595.0,0.0008058487008906321,322.0,0.0004361063557761068,608.0,0.000823455479229419,0.0805848700890632
hawbeckereddy,2016,01,18,120007,0.027178369837487625,403859.0,0.546973530240319,54726.0,0.07411911933603485,404034.0,0.5472105445641103,54.72105445641103
hawbeckereddy,2016,01,19,120006,0.040204767405385644,224881.0,0.3045715322772878,38079.0,0.051572962489435936,225038.0,0.30478416798491775,30.478416798491775
hawbeckereddy,2016,01,20,120008,0.11030020602085029,19990.0,0.027073807614796195,8565.0,0.011600158190131537,20434.0,0.027675146813443994,2.7675146813443994
hawbeckereddy,2016,01,21,120007,0.03567440986967633,276419.0,0.37437292781762627,18662.0,0.025275207489110885,276617.0,0.3746410925954016,37.464109259540166
hawbeckereddy,2016,01,22,120009,0.043569115462907954,172519.0,0.23365413786378314,18321.0,0.02481336814960886,172671.0,0.23386000173359048,23.386000173359047
hawbeckereddy,2016,01,23,120008,-0.0077374723532335436,738352.0,1.0,736333.0,0.99726553188723,738352.0,1.0,100.0
hawbeckereddy,2016,01,24,120008,0.01861938409765334,737906.0,0.9993959520662231,98144.0,0.1329230502524541,737906.0,0.9993959520662231,99.93959520662231
hawbeckereddy,2016,01,25,120008,0.01743212965425146,738037.0,0.9995733742171755,229199.0,0.3104196914208941,738037.0,0.9995733742171755,99.95733742171755
hawbeckereddy,2016,01,26,120008,0.0037236935323664575,738337.0,0.9999796844865322,710178.0,0.9618420482371551,738337.0,0.9999796844865322,99.99796844865322
hawbeckereddy,2016,01,27,120008,0.05032562925405243,274206.0,0.37137571239733896,59879.0,0.08109817539601707,274241.0,0.3714231152620972,37.14231152620972
hawbeckereddy,2016,01,28,120007,0.04205093482105474,321181.0,0.43499712874076324,104599.0,0.1416654928814441,321304.0,0.4351637159511994,43.51637159511994
hawbeckereddy,2016,01,29,120005,0.020959158733062942,493256.0,0.6680499274058985,147005.0,0.199098803822567,493471.0,0.6683411164322708,66.83411164322708
hawbeckereddy,2016,01,30,120008,0.08365308409053676,132575.0,0.17955527986651354,53045.0,0.07184242746007324,133053.0,0.1802026675623551,18.020266756235507
hawbeckereddy,2016,01,31,120008,0.13948376456340916,8850.0,0.011986152946020326,6055.0,0.008200695603181138,9130.0,0.012365375864086507,0.8200695603181138
hawbeckereddy,2016,02,01,120007,0.15980383171459328,0.0,0.0,0.0,0.0,0.0,0.0,0.0
hawbeckereddy,2016,02,02,120007,0.14564553685661186,1.0,1.3543675645220708e-06,0.0,0.0,1.0,1.3543675645220708e-06,0.0001354367564522071
hawbeckereddy,2016,02,03,120005,0.1405628765324749,0.0,0.0,0.0,0.0,0.0,0.0,0.0
hawbeckereddy,2016,02,04,120007,0.12807200364132396,0.0,0.0,0.0,0.0,0.0,0.0,0.0
hawbeckereddy,2016,02,05,120008,0.13311946646064607,0.0,0.0,0.0,0.0,0.0,0.0,0.0
hawbeckereddy,2016,02,07,120007,0.14056350074929905,1.0,1.3543675645220708e-06,0.0,0.0,1.0,1.3543675645220708e-06,0.0001354367564522071
hawbeckereddy,2016,02,08,120008,0.13944195467717702,3.0,4.063102693566212e-06,0.0,0.0,3.0,4.063102693566212e-06,0.0004063102693566212
hawbeckereddy,2016,02,09,120007,0.015743227835254604,577146.0,0.7816678223936551,100491.0,0.1361017509263874,577273.0,0.7818398270743494,78.18398270743494
hawbeckereddy,2016,02,10,120008,0.008988628237859406,721630.0,0.9773522655860619,235583.0,0.319065973952803,721642.0,0.9773685179968362,97.73685179968362
hawbeckereddy,2016,02,11,120007,0.0005233802796825076,738352.0,1.0,585126.0,0.7924756755585411,738352.0,1.0,100.0
hawbeckereddy,2016,02,12,120008,0.014246070726539481,734568.0,0.9948750731358484,326268.0,0.441886796541487,734575.0,0.9948845537088001,99.48845537088002
hawbeckereddy,2016,02,13,120008,-0.002368647748781333,738349.0,0.9999959368973065,557962.0,0.7556856350358636,738349.0,0.9999959368973065,99.99959368973064
hawbeckereddy,2016,02,14,120006,0.016242017757959085,707955.0,0.9588312891412226,15912.0,0.02155069668667519,707961.0,0.9588394153466098,95.88394153466098
hawbeckereddy,2016,02,15,120007,0.0016574733737694189,738338.0,0.9999810388540967,609576.0,0.8255899625111058,738338.0,0.9999810388540967,99.99810388540968
hawbeckereddy,2016,02,16,120007,0.001149639922722173,738352.0,1.0,720599.0,0.9759559126270396,738352.0,1.0,100.0
hawbeckereddy,2016,02,17,120006,-0.005804553621949868,738352.0,1.0,656897.0,0.8896799900318547,738352.0,1.0,100.0
hawbeckereddy,2016,02,18,120008,0.013388645873613938,735983.0,0.9967915032396473,163324.0,0.22120072810800268,735983.0,0.9967915032396473,99.67915032396473
hawbeckereddy,2016,02,19,120008,0.01728818736655288,706275.0,0.9565559516328256,237934.0,0.3222500920969944,706297.0,0.956585747719245,95.65857477192449
hawbeckereddy,2016,02,20,120009,0.1443960868208208,248.0,0.00033588315600147355,185.0,0.0002505579994365831,308.0,0.0004171452098727978,0.033588315600147356
hawbeckereddy,2016,02,21,120008,0.14508653252512557,0.0,0.0,0.0,0.0,0.0,0.0,0.0
hawbeckereddy,2016,02,22,120007,0.13913101560812094,0.0,0.0,0.0,0.0,0.0,0.0,0.0
hawbeckereddy,2016,02,23,120007,0.13481824760201946,6.0,8.126205387132425e-06,0.0,0.0,6.0,8.126205387132425e-06,0.0008126205387132424
hawbeckereddy,2016,02,24,120008,0.14602365500791092,0.0,0.0,0.0,0.0,0.0,0.0,0.0
hawbeckereddy,2016,02,25,120008,0.135264996101696,0.0,0.0,0.0,0.0,0.0,0.0,0.0
hawbeckereddy,2016,02,26,120006,0.1306405750487009,0.0,0.0,0.0,0.0,0.0,0.0,0.0
hawbeckereddy,2016,02,27,120009,0.133855590457553,0.0,0.0,0.0,0.0,0.0,0.0,0.0
hawbeckereddy,2016,02,28,120008,0.14125957626134664,0.0,0.0,0.0,0.0,0.0,0.0,0.0
hawbeckereddy,2016,02,29,120007,0.14720954606685102,0.0,0.0,0.0,0.0,0.0,0.0,0.0
hawbeckereddy,2016,03,01,120008,0.14390563442489793,0.0,0.0,0.0,0.0,0.0,0.0,0.0
hawbeckereddy,2016,03,02,120008,0.1318169836694312,0.0,0.0,0.0,0.0,0.0,0.0,0.0
hawbeckereddy,2016,03,03,120005,0.13993957960839368,0.0,0.0,0.0,0.0,0.0,0.0,0.0
hawbeckereddy,2016,03,04,120006,0.12808844672353362,496.0,0.0006717663120029471,112.0,0.00015168916722647192,513.0,0.0006947905605998223,0.06947905605998224
hawbeckereddy,2016,03,05,120007,0.1358576217805495,0.0,0.0,0.0,0.0,0.0,0.0,0.0
hawbeckereddy,2016,03,06,120007,0.13504104738304062,0.0,0.0,0.0,0.0,0.0,0.0,0.0
hawbeckereddy,2016,03,07,120007,0.14282995379170832,0.0,0.0,0.0,0.0,0.0,0.0,0.0
hawbeckereddy,2016,03,08,120009,0.1483839033736123,0.0,0.0,0.0,0.0,0.0,0.0,0.0
hawbeckereddy,2016,03,09,120008,0.15184183532717554,0.0,0.0,0.0,0.0,0.0,0.0,0.0
hawbeckereddy,2016,03,10,120008,0.150411446195575,0.0,0.0,0.0,0.0,0.0,0.0,0.0
hawbeckereddy,2016,03,11,120008,0.16023687709723364,0.0,0.0,0.0,0.0,0.0,0.0,0.0
hawbeckereddy,2016,03,12,120009,0.16835015836115472,0.0,0.0,0.0,0.0,0.0,0.0,0.0
hawbeckereddy,2016,03,13,120009,0.17060116237707088,0.0,0.0,0.0,0.0,0.0,0.0,0.0
hawbeckereddy,2016,03,14,120006,0.17023392298226525,0.0,0.0,0.0,0.0,0.0,0.0,0.0
hawbeckereddy,2016,03,15,120008,0.1653929665216131,0.0,0.0,0.0,0.0,0.0,0.0,0.0
hawbeckereddy,2016,03,16,120006,0.17429067485834948,0.0,0.0,0.0,0.0,0.0,0.0,0.0
hawbeckereddy,2016,03,17,120008,0.17671122720852417,0.0,0.0,0.0,0.0,0.0,0.0,0.0
hawbeckereddy,2016,03,18,123006,0.16560364307584288,0.0,0.0,0.0,0.0,0.0,0.0,0.0
hawbeckereddy,2016,03,19,120008,0.16981925762081757,0.0,0.0,0.0,0.0,0.0,0.0,0.0
hawbeckereddy,2016,03,20,120007,0.17025752792953663,0.0,0.0,0.0,0.0,0.0,0.0,0.0
hawbeckereddy,2016,03,21,120008,0.17405301249126887,0.0,0.0,0.0,0.0,0.0,0.0,0.0
hawbeckereddy,2016,03,22,110006,0.17449892385440247,0.0,0.0,0.0,0.0,0.0,0.0,0.0
hawbeckereddy,2016,03,23,120006,0.17516839766532033,0.0,0.0,0.0,0.0,0.0,0.0,0.0
hawbeckereddy,2016,03,24,120008,0.19430439834228963,0.0,0.0,0.0,0.0,0.0,0.0,0.0
hawbeckereddy,2016,03,25,120009,0.19758543991165034,3.0,4.063102693566212e-06,0.0,0.0,3.0,4.063102693566212e-06,0.0004063102693566212
hawbeckereddy,2016,03,26,120008,0.1851869718448168,35.0,4.7402864758272474e-05,0.0,0.0,35.0,4.7402864758272474e-05,0.004740286475827247
hawbeckereddy,2016,03,27,120006,0.2023832789855761,0.0,0.0,0.0,0.0,0.0,0.0,0.0
hawbeckereddy,2016,03,28,120008,0.2053786041421959,14.0,1.896114590330899e-05,6.0,8.126205387132425e-06,20.0,2.7087351290441414e-05,0.001896114590330899
hawbeckereddy,2016,03,29,120008,0.19699785230043582,73.0,9.886883221011117e-05,0.0,0.0,73.0,9.886883221011117e-05,0.009886883221011116
hawbeckereddy,2016,03,30,120006,0.19280260454236303,32.0,4.333976206470627e-05,8.0,1.0834940516176567e-05,35.0,4.7402864758272474e-05,0.004333976206470627
hawbeckereddy,2016,03,31,120008,0.22206595511274388,1.0,1.3543675645220708e-06,0.0,0.0,1.0,1.3543675645220708e-06,0.0001354367564522071
hawbeckereddy,2016,04,01,120008,0.21695650816984483,35.0,4.7402864758272474e-05,1.0,1.3543675645220708e-06,35.0,4.7402864758272474e-05,0.004740286475827247
hawbeckereddy,2016,04,02,120009,0.21655534182748148,0.0,0.0,0.0,0.0,0.0,0.0,0.0
hawbeckereddy,2016,04,03,120009,0.20838349577524984,57.0,7.719895117775803e-05,0.0,0.0,57.0,7.719895117775803e-05,0.007719895117775803
hawbeckereddy,2016,04,04,120005,0.2332517511010413,5.0,6.771837822610354e-06,0.0,0.0,5.0,6.771837822610354e-06,0.0006771837822610354
hawbeckereddy,2016,04,05,120008,0.20185788025628446,116.0,0.0001571066374845602,6.0,8.126205387132425e-06,121.0,0.00016387847530717055,0.015710663748456023
hawbeckereddy,2016,04,06,120008,0.22525480283837213,9.0,1.2189308080698637e-05,0.0,0.0,9.0,1.2189308080698637e-05,0.0012189308080698636
hawbeckereddy,2016,04,07,120008,0.22871967814683172,47.0,6.365527553253732e-05,0.0,0.0,47.0,6.365527553253732e-05,0.006365527553253732
hawbeckereddy,2016,04,08,120008,0.21101783406387378,70.0,9.480572951654495e-05,0.0,0.0,70.0,9.480572951654495e-05,0.009480572951654494
hawbeckereddy,2016,04,09,120008,0.04170928833390217,337999.0,0.4577748824408954,53362.0,0.07227176197802675,338864.0,0.45894641038420697,45.894641038420694
hawbeckereddy,2016,04,10,120008,0.2255279788302382,12.0,1.625241077426485e-05,0.0,0.0,12.0,1.625241077426485e-05,0.0016252410774264849
hawbeckereddy,2016,04,11,120005,0.23409656335568682,32.0,4.333976206470627e-05,0.0,0.0,32.0,4.333976206470627e-05,0.004333976206470627
hawbeckereddy,2016,04,12,120008,0.2254745823813144,30.0,4.063102693566212e-05,0.0,0.0,30.0,4.063102693566212e-05,0.004063102693566212
hawbeckereddy,2016,04,13,120009,0.2228166664509825,89.0,0.00012053871324246429,106.0,0.0001435629618393395,138.0,0.00018690272390404578,0.012053871324246429
hawbeckereddy,2016,04,14,120008,0.23070946156281658,83.0,0.00011241250785533188,78.0,0.00010564067003272152,132.0,0.00017877651851691334,0.011241250785533188
hawbeckereddy,2016,04,15,120008,0.2318676677438563,100.0,0.0001354367564522071,153.0,0.00020721823737187683,172.0,0.00023295122109779617,0.013543675645220708
hawbeckereddy,2016,04,16,120008,0.23621687030462768,177.0,0.00023972305892040654,185.0,0.0002505579994365831,261.0,0.00035348993434026045,0.023972305892040652
hawbeckereddy,2016,04,17,120009,0.24076386262941005,149.0,0.00020180076711378853,185.0,0.0002505579994365831,235.0,0.00031827637766268665,0.020180076711378853
hawbeckereddy,2016,04,18,120008,0.24415957622589254,164.0,0.0002221162805816196,185.0,0.0002505579994365831,238.0,0.00032233948035625287,0.022211628058161962
hawbeckereddy,2016,04,19,120008,0.24418431495256224,38.0,5.146596745183869e-05,67.0,9.074262682297874e-05,80.0,0.00010834940516176566,0.005146596745183869
hawbeckereddy,2016,04,20,120007,0.24652425598834016,167.0,0.00022617938327518583,179.0,0.00024243179404945066,246.0,0.0003331744208724294,0.022617938327518582
hawbeckereddy,2016,04,21,120008,0.2721026081281531,17.0,2.3024248596875204e-05,20.0,2.7087351290441414e-05,30.0,4.063102693566212e-05,0.0023024248596875204
hawbeckereddy,2016,04,22,120008,0.25481059220052393,25.0,3.385918911305177e-05,36.0,4.875723232279455e-05,44.0,5.9592172838971117e-05,0.003385918911305177
hawbeckereddy,2016,04,23,120008,0.2527795160337247,87.0,0.00011782997811342016,58.0,7.85533187422801e-05,107.0,0.00014491732940386158,0.011782997811342016
hawbeckereddy,2016,04,24,120008,0.2670367944177763,88.0,0.00011918434567794223,50.0,6.771837822610354e-05,98.0,0.00013272802132316294,0.011918434567794223
hawbeckereddy,2016,04,25,120006,0.2807043545630401,70.0,9.480572951654495e-05,64.0,8.667952412941253e-05,87.0,0.00011782997811342016,0.009480572951654494
hawbeckereddy,2016,04,26,120008,0.26964124481570123,64.0,8.667952412941253e-05,65.0,8.80338916939346e-05,87.0,0.00011782997811342016,0.008667952412941254
hawbeckereddy,2016,04,27,120008,0.28174343044559924,89.0,0.00012053871324246429,100.0,0.0001354367564522071,126.0,0.00017065031312978092,0.012053871324246429
hawbeckereddy,2016,04,28,120006,0.26467712609629934,21.0,2.8441718854963485e-05,8.0,1.0834940516176567e-05,23.0,3.1150453984007625e-05,0.0028441718854963485
hawbeckereddy,2016,04,29,120009,0.24389406417797105,11.0,1.4898043209742779e-05,0.0,0.0,11.0,1.4898043209742779e-05,0.001489804320974278
hawbeckereddy,2016,04,30,120008,0.25959263979193936,47.0,6.365527553253732e-05,26.0,3.521355667757384e-05,49.0,6.636401066158147e-05,0.006365527553253732
hawbeckereddy,2016,05,01,120006,0.25677533598119884,24.0,3.25048215485297e-05,0.0,0.0,24.0,3.25048215485297e-05,0.0032504821548529697
hawbeckereddy,2016,05,03,120010,0.292689845261655,2.0,2.7087351290441417e-06,7.0,9.480572951654495e-06,7.0,9.480572951654495e-06,0.0002708735129044142
hawbeckereddy,2016,05,04,120008,0.2677473312112919,58.0,7.85533187422801e-05,23.0,3.1150453984007625e-05,66.0,8.938825925845667e-05,0.007855331874228011
hawbeckereddy,2016,05,05,120008,0.28645134620279566,249.0,0.0003372375235659956,94.0,0.00012731055106507465,265.0,0.00035890740459834875,0.033723752356599565
hawbeckereddy,2016,05,06,120006,0.28670626991682824,12.0,1.625241077426485e-05,15.0,2.031551346783106e-05,22.0,2.9796086419485558e-05,0.0016252410774264849
hawbeckereddy,2016,05,07,120005,0.2941469202025639,130.0,0.0001760677833878692,77.0,0.00010428630246819945,157.0,0.00021263570762996512,0.01760677833878692
hawbeckereddy,2016,05,08,120006,0.29114224070380407,260.0,0.0003521355667757384,219.0,0.0002966064966303335,301.0,0.0004076646369211433,0.03521355667757384
hawbeckereddy,2016,05,09,120009,0.3062179409235697,74.0,0.00010022319977463324,44.0,5.9592172838971117e-05,84.0,0.00011376687541985394,0.010022319977463324
hawbeckereddy,2016,05,10,120007,0.2852749598685134,10.0,1.3543675645220707e-05,9.0,1.2189308080698637e-05,18.0,2.4378616161397274e-05,0.0013543675645220708
hawbeckereddy,2016,05,11,120006,0.29323929187345954,169.0,0.00022888811840422995,77.0,0.00010428630246819945,177.0,0.00023972305892040654,0.022888811840422994
hawbeckereddy,2016,05,12,120007,0.28233193054970745,351.0,0.00047538301514724686,248.0,0.00033588315600147355,397.0,0.0005376839231152621,0.047538301514724685
hawbeckereddy,2016,05,13,120006,0.3026569812008979,99.0,0.00013408238888768502,52.0,7.042711335514768e-05,111.0,0.00015033479966194984,0.013408238888768501
hawbeckereddy,2016,05,14,120008,0.2816702279832115,90.0,0.00012189308080698637,32.0,4.333976206470627e-05,95.0,0.00012866491862959672,0.012189308080698636
hawbeckereddy,2016,05,15,120008,0.2821473211610155,76.0,0.00010293193490367738,47.0,6.365527553253732e-05,90.0,0.00012189308080698637,0.010293193490367739
hawbeckereddy,2016,05,16,120008,0.29273287951125976,219.0,0.0002966064966303335,141.0,0.00019096582659761197,251.0,0.00033994625869503977,0.02966064966303335
hawbeckereddy,2016,05,17,120006,0.29961946539183515,220.0,0.0002979608641948556,116.0,0.0001571066374845602,246.0,0.0003331744208724294,0.02979608641948556
hawbeckereddy,2016,05,18,120008,0.30499272101978014,130.0,0.0001760677833878692,63.0,8.532515656489046e-05,141.0,0.00019096582659761197,0.01760677833878692
hawbeckereddy,2016,05,19,120005,0.29394761846009115,482.0,0.0006528051660996381,287.0,0.0003887034910178343,519.0,0.0007029167659869547,0.06528051660996381
hawbeckereddy,2016,05,20,120010,0.29093661776831736,468.0,0.0006338440201963291,251.0,0.00033994625869503977,508.0,0.000688018722777212,0.06338440201963291
hawbeckereddy,2016,05,21,120008,0.2820794689594496,67.0,9.074262682297874e-05,24.0,3.25048215485297e-05,73.0,9.886883221011117e-05,0.009074262682297874
hawbeckereddy,2016,05,22,120008,0.28225704298238524,114.0,0.00015439790235551607,57.0,7.719895117775803e-05,121.0,0.00016387847530717055,0.015439790235551606
hawbeckereddy,2016,05,23,120007,0.3103172451778969,763.0,0.00103338245173034,484.0,0.0006555139012286822,804.0,0.001088911521875745,0.103338245173034
hawbeckereddy,2016,05,24,120008,0.29619019814469577,944.0,0.0012785229809088349,540.0,0.0007313584848419182,967.0,0.0013096734348928424,0.1278522980908835
hawbeckereddy,2016,05,25,120008,0.30458920662475214,1549.0,0.0020979153574446877,877.0,0.0011877803540858562,1592.0,0.002156153162719137,0.20979153574446877
hawbeckereddy,2016,05,26,120008,0.3153074747889231,1228.0,0.001663163369233103,684.0,0.0009263874141330964,1255.0,0.001699731293475199,0.1663163369233103
hawbeckereddy,2016,05,27,120008,0.2977421593180427,2286.0,0.0030960842524974538,1386.0,0.0018771534444275901,2347.0,0.0031787006739333002,0.30960842524974536
hawbeckereddy,2016,05,28,120005,0.3111934612775351,1792.0,0.0024270266756235507,1067.0,0.0014451101913450495,1858.0,0.0025164149348820075,0.24270266756235506
hawbeckereddy,2016,05,29,120010,0.3134673130213628,1407.0,0.0019055951632825537,824.0,0.0011159988731661863,1491.0,0.0020193620387024074,0.19055951632825535
hawbeckereddy,2016,05,30,120005,0.28950069525784616,2338.0,0.0031665113658526016,1263.0,0.0017105662339913755,2417.0,0.003273506403449845,0.3166511365852602
hawbeckereddy,2016,05,31,120009,0.174975526741816,4.0,5.417470258088283e-06,0.0,0.0,4.0,5.417470258088283e-06,0.0005417470258088284
hawbeckereddy,2016,06,01,120008,0.1514025478557196,0.0,0.0,0.0,0.0,0.0,0.0,0.0
hawbeckereddy,2016,06,02,120008,0.18557830171868206,0.0,0.0,0.0,0.0,0.0,0.0,0.0
hawbeckereddy,2016,06,03,120008,0.16512047001279911,0.0,0.0,2.0,2.7087351290441417e-06,2.0,2.7087351290441417e-06,0.0
hawbeckereddy,2016,06,04,120006,0.1850699122210994,0.0,0.0,1.0,1.3543675645220708e-06,1.0,1.3543675645220708e-06,0.0
hawbeckereddy,2016,06,05,120006,0.21498956278080888,4.0,5.417470258088283e-06,0.0,0.0,4.0,5.417470258088283e-06,0.0005417470258088284
hawbeckereddy,2016,06,06,120008,0.16411356066076224,0.0,0.0,0.0,0.0,0.0,0.0,0.0
hawbeckereddy,2016,06,07,120008,0.17554765983420517,0.0,0.0,0.0,0.0,0.0,0.0,0.0
hawbeckereddy,2016,06,08,120006,0.20026186203688714,0.0,0.0,0.0,0.0,0.0,0.0,0.0
hawbeckereddy,2016,06,09,120007,0.1748487759017138,0.0,0.0,0.0,0.0,0.0,0.0,0.0
hawbeckereddy,2016,06,10,120009,0.1883995036289075,0.0,0.0,0.0,0.0,0.0,0.0,0.0
hawbeckereddy,2016,06,11,120006,0.22799799404272228,0.0,0.0,0.0,0.0,0.0,0.0,0.0
hawbeckereddy,2016,06,12,120006,0.19543631440962023,0.0,0.0,2.0,2.7087351290441417e-06,2.0,2.7087351290441417e-06,0.0
hawbeckereddy,2016,06,13,120006,0.2089905506798987,0.0,0.0,0.0,0.0,0.0,0.0,0.0
hawbeckereddy,2016,06,14,120008,0.20669370613443708,0.0,0.0,0.0,0.0,0.0,0.0,0.0
hawbeckereddy,2016,06,15,120007,0.2477416517204175,0.0,0.0,0.0,0.0,0.0,0.0,0.0
hawbeckereddy,2016,06,16,120008,0.24595580378299556,0.0,0.0,0.0,0.0,0.0,0.0,0.0
hawbeckereddy,2016,06,17,120008,0.22501047688791323,0.0,0.0,0.0,0.0,0.0,0.0,0.0
hawbeckereddy,2016,06,18,120006,0.23444304308229588,0.0,0.0,0.0,0.0,0.0,0.0,0.0
hawbeckereddy,2016,06,19,120006,0.24629233088105743,0.0,0.0,0.0,0.0,0.0,0.0,0.0
hawbeckereddy,2016,06,20,120007,0.25995284215110076,0.0,0.0,0.0,0.0,0.0,0.0,0.0
hawbeckereddy,2016,06,21,120010,0.22702849265876063,0.0,0.0,0.0,0.0,0.0,0.0,0.0
hawbeckereddy,2016,06,22,120008,0.2675272628422614,0.0,0.0,0.0,0.0,0.0,0.0,0.0
hawbeckereddy,2016,06,23,120006,0.24350212964061824,5.0,6.771837822610354e-06,4.0,5.417470258088283e-06,6.0,8.126205387132425e-06,0.0006771837822610354
hawbeckereddy,2016,06,24,120008,0.26875440704377523,0.0,0.0,0.0,0.0,0.0,0.0,0.0
hawbeckereddy,2016,06,25,120006,0.2623863307303713,0.0,0.0,0.0,0.0,0.0,0.0,0.0
hawbeckereddy,2016,06,26,120008,0.24836236997119554,0.0,0.0,0.0,0.0,0.0,0.0,0.0
hawbeckereddy,2016,06,27,120008,0.2740648021944508,0.0,0.0,0.0,0.0,0.0,0.0,0.0
hawbeckereddy,2016,06,28,120008,0.2046859167867747,2.0,2.7087351290441417e-06,0.0,0.0,2.0,2.7087351290441417e-06,0.0002708735129044142
hawbeckereddy,2016,06,29,120006,0.16775189523561612,0.0,0.0,0.0,0.0,0.0,0.0,0.0
hawbeckereddy,2016,06,30,120006,0.1398193888119377,0.0,0.0,0.0,0.0,0.0,0.0,0.0
hawbeckereddy,2016,07,01,120006,0.15702502963080728,0.0,0.0,0.0,0.0,0.0,0.0,0.0
hawbeckereddy,2016,07,02,120008,0.13419368771729165,0.0,0.0,0.0,0.0,0.0,0.0,0.0
hawbeckereddy,2016,07,03,120009,0.13734161197489644,0.0,0.0,0.0,0.0,0.0,0.0,0.0
hawbeckereddy,2016,07,04,120008,0.1350233149070116,0.0,0.0,0.0,0.0,0.0,0.0,0.0
hawbeckereddy,2016,07,05,120009,0.14015501599111976,0.0,0.0,0.0,0.0,0.0,0.0,0.0
hawbeckereddy,2016,07,06,120008,0.15381634421227336,150.0,0.0002031551346783106,32.0,4.333976206470627e-05,150.0,0.0002031551346783106,0.02031551346783106
hawbeckereddy,2016,07,07,120006,0.1631053542795802,108.0,0.00014627169696838365,72.0,9.75144646455891e-05,128.0,0.00017335904825882507,0.014627169696838365
hawbeckereddy,2016,07,08,123006,0.20052211385674693,216.0,0.0002925433939367673,40.0,5.417470258088283e-05,253.0,0.0003426549938240839,0.02925433939367673
hawbeckereddy,2016,07,09,120009,0.16510732725239324,143.0,0.00019367456172665612,15.0,2.031551346783106e-05,147.0,0.0001990920319847444,0.019367456172665613
hawbeckereddy,2016,07,10,120007,0.17109535269157083,378.0,0.0005119509393893427,71.0,9.616009708106702e-05,415.0,0.0005620625392766594,0.051195093938934275
hawbeckereddy,2016,07,11,120009,0.18232803594771282,120.0,0.00016252410774264848,42.0,5.688343770992697e-05,142.0,0.00019232019416213404,0.01625241077426485
hawbeckereddy,2016,07,12,120006,0.21178528547006,140.0,0.0001896114590330899,101.0,0.00013679112401672914,154.0,0.0002085726049363989,0.01896114590330899
hawbeckereddy,2016,07,13,120005,0.23633285719825925,41.0,5.55290701454049e-05,61.0,8.261642143584631e-05,63.0,8.532515656489046e-05,0.0055529070145404905
hawbeckereddy,2016,07,14,120010,0.1832215172784362,248.0,0.00033588315600147355,126.0,0.00017065031312978092,265.0,0.00035890740459834875,0.033588315600147356
hawbeckereddy,2016,07,15,120006,0.24092950066083071,24.0,3.25048215485297e-05,47.0,6.365527553253732e-05,47.0,6.365527553253732e-05,0.0032504821548529697
hawbeckereddy,2016,07,16,120006,0.22992276719255175,0.0,0.0,18.0,2.4378616161397274e-05,18.0,2.4378616161397274e-05,0.0
hawbeckereddy,2016,07,17,120008,0.22250849671073622,44.0,5.9592172838971117e-05,50.0,6.771837822610354e-05,61.0,8.261642143584631e-05,0.005959217283897112
hawbeckereddy,2016,07,18,120006,0.23663039878401831,219.0,0.0002966064966303335,246.0,0.0003331744208724294,253.0,0.0003426549938240839,0.02966064966303335
hawbeckereddy,2016,07,19,120008,0.20025945304796597,13.0,1.760677833878692e-05,18.0,2.4378616161397274e-05,21.0,2.8441718854963485e-05,0.001760677833878692
hawbeckereddy,2016,07,20,120006,0.2019933818088929,25.0,3.385918911305177e-05,3.0,4.063102693566212e-06,26.0,3.521355667757384e-05,0.003385918911305177
hawbeckereddy,2016,07,21,120009,0.20788299433651103,44.0,5.9592172838971117e-05,52.0,7.042711335514768e-05,60.0,8.126205387132424e-05,0.005959217283897112
hawbeckereddy,2016,07,22,120006,0.22281341499370394,116.0,0.0001571066374845602,143.0,0.00019367456172665612,148.0,0.0002004463995492665,0.015710663748456023
hawbeckereddy,2016,07,23,120005,0.21053873069651488,210.0,0.00028441718854963486,198.0,0.00026816477777537003,236.0,0.0003196307452272087,0.028441718854963487
hawbeckereddy,2016,07,24,120006,0.21522361393887493,294.0,0.0003981840639694888,294.0,0.0003981840639694888,316.0,0.0004279801503889744,0.039818406396948884
hawbeckereddy,2016,07,25,120008,0.24228571183376169,59.0,7.990768630680218e-05,63.0,8.532515656489046e-05,70.0,9.480572951654495e-05,0.007990768630680219
hawbeckereddy,2016,07,26,120006,0.20205515662883247,136.0,0.00018419398877500163,149.0,0.00020180076711378853,163.0,0.00022076191301709754,0.018419398877500163
hawbeckereddy,2016,07,27,120008,0.19292115761249795,41.0,5.55290701454049e-05,49.0,6.636401066158147e-05,49.0,6.636401066158147e-05,0.0055529070145404905
hawbeckereddy,2016,07,28,120005,0.2136209619698496,46.0,6.230090796801525e-05,60.0,8.126205387132424e-05,67.0,9.074262682297874e-05,0.006230090796801525
hawbeckereddy,2016,07,29,120009,0.20043272493714562,5.0,6.771837822610354e-06,14.0,1.896114590330899e-05,14.0,1.896114590330899e-05,0.0006771837822610354
hawbeckereddy,2016,07,30,120007,0.21962169251042074,89.0,0.00012053871324246429,34.0,4.604849719375041e-05,100.0,0.0001354367564522071,0.012053871324246429
hawbeckereddy,2016,07,31,120006,0.2006222372062568,42.0,5.688343770992697e-05,42.0,5.688343770992697e-05,50.0,6.771837822610354e-05,0.005688343770992697
hawbeckereddy,2016,08,01,120005,0.20238193530388326,19.0,2.5732983725919344e-05,35.0,4.7402864758272474e-05,35.0,4.7402864758272474e-05,0.0025732983725919346
hawbeckereddy,2016,08,02,120006,0.183221967896387,12.0,1.625241077426485e-05,0.0,0.0,12.0,1.625241077426485e-05,0.0016252410774264849
hawbeckereddy,2016,08,03,120006,0.1916547890697539,37.0,5.011159988731662e-05,59.0,7.990768630680218e-05,64.0,8.667952412941253e-05,0.005011159988731662
hawbeckereddy,2016,08,04,120006,0.21386221035934655,97.0,0.00013137365375864087,113.0,0.000153043534790994,120.0,0.00016252410774264848,0.013137365375864086
hawbeckereddy,2016,08,05,120009,0.2018671975615056,173.0,0.00023430558866231825,191.0,0.0002586842048237155,204.0,0.0002762909831625024,0.023430558866231823
hawbeckereddy,2016,08,06,120008,0.18021545576571293,18.0,2.4378616161397274e-05,18.0,2.4378616161397274e-05,28.0,3.792229180661798e-05,0.0024378616161397273
hawbeckereddy,2016,08,07,120006,0.1838578311233516,87.0,0.00011782997811342016,86.0,0.00011647561054889809,99.0,0.00013408238888768502,0.011782997811342016
hawbeckereddy,2016,08,08,120009,0.1719118956498461,1.0,1.3543675645220708e-06,0.0,0.0,1.0,1.3543675645220708e-06,0.0001354367564522071
hawbeckereddy,2016,08,09,120010,0.20919906496485344,66.0,8.938825925845667e-05,72.0,9.75144646455891e-05,78.0,0.00010564067003272152,0.008938825925845667
hawbeckereddy,2016,08,10,120008,0.19294014637868423,91.0,0.00012324744837150845,108.0,0.00014627169696838365,123.0,0.0001665872104362147,0.012324744837150845
hawbeckereddy,2016,08,11,120006,0.17875091938090698,461.0,0.0006243634472446746,77.0,0.00010428630246819945,485.0,0.0006568682687932043,0.06243634472446746
hawbeckereddy,2016,08,12,120006,0.17484422487383502,4.0,5.417470258088283e-06,2.0,2.7087351290441417e-06,6.0,8.126205387132425e-06,0.0005417470258088284
hawbeckereddy,2016,08,13,120008,0.19894716597744236,41.0,5.55290701454049e-05,33.0,4.4694129629228334e-05,53.0,7.178148091966975e-05,0.0055529070145404905
hawbeckereddy,2016,08,14,120006,0.18758870951842552,313.0,0.00042391704769540817,97.0,0.00013137365375864087,344.0,0.00046590244219559234,0.042391704769540815
hawbeckereddy,2016,08,15,120006,0.2136792374720384,42.0,5.688343770992697e-05,61.0,8.261642143584631e-05,70.0,9.480572951654495e-05,0.005688343770992697
hawbeckereddy,2016,08,16,120009,0.17970284938921663,2.0,2.7087351290441417e-06,7.0,9.480572951654495e-06,9.0,1.2189308080698637e-05,0.0002708735129044142
hawbeckereddy,2016,08,17,120009,0.2095443522765883,18.0,2.4378616161397274e-05,28.0,3.792229180661798e-05,31.0,4.1985394500184194e-05,0.0024378616161397273
hawbeckereddy,2016,08,18,120009,0.20046052138258527,8.0,1.0834940516176567e-05,2.0,2.7087351290441417e-06,10.0,1.3543675645220707e-05,0.0010834940516176567
hawbeckereddy,2016,08,19,120006,0.1987793965282483,6.0,8.126205387132425e-06,5.0,6.771837822610354e-06,7.0,9.480572951654495e-06,0.0008126205387132424
hawbeckereddy,2016,08,20,120006,0.22439802561918232,0.0,0.0,0.0,0.0,0.0,0.0,0.0
hawbeckereddy,2016,08,21,120008,0.229898804533507,7.0,9.480572951654495e-06,0.0,0.0,7.0,9.480572951654495e-06,0.0009480572951654495
hawbeckereddy,2016,08,22,120006,0.19827906428563363,0.0,0.0,0.0,0.0,0.0,0.0,0.0
hawbeckereddy,2016,08,23,120010,0.15420601288789773,0.0,0.0,0.0,0.0,0.0,0.0,0.0
hawbeckereddy,2016,08,24,120006,0.16058827532439632,2.0,2.7087351290441417e-06,0.0,0.0,2.0,2.7087351290441417e-06,0.0002708735129044142
hawbeckereddy,2016,08,25,120008,0.1906621869386827,0.0,0.0,0.0,0.0,0.0,0.0,0.0
hawbeckereddy,2016,08,26,120010,0.18157785743920932,0.0,0.0,0.0,0.0,0.0,0.0,0.0
hawbeckereddy,2016,08,27,120010,0.19241576351502093,0.0,0.0,0.0,0.0,0.0,0.0,0.0
hawbeckereddy,2016,08,28,120006,0.1950568589187284,0.0,0.0,0.0,0.0,0.0,0.0,0.0
hawbeckereddy,2016,08,29,120006,0.19429090871281407,0.0,0.0,0.0,0.0,0.0,0.0,0.0
hawbeckereddy,2016,08,30,120009,0.2027053923601345,0.0,0.0,1.0,1.3543675645220708e-06,1.0,1.3543675645220708e-06,0.0
hawbeckereddy,2016,08,31,120006,0.24031212867674104,0.0,0.0,0.0,0.0,0.0,0.0,0.0
hawbeckereddy,2016,09,01,120010,0.20533795786309456,0.0,0.0,0.0,0.0,0.0,0.0,0.0
hawbeckereddy,2016,09,02,120006,0.21407034936883626,0.0,0.0,0.0,0.0,0.0,0.0,0.0
hawbeckereddy,2016,09,03,120010,0.2226818198289138,0.0,0.0,0.0,0.0,0.0,0.0,0.0
hawbeckereddy,2016,09,04,120006,0.22614387165513486,0.0,0.0,0.0,0.0,0.0,0.0,0.0
hawbeckereddy,2016,09,05,120006,0.2216291543207538,0.0,0.0,0.0,0.0,0.0,0.0,0.0
hawbeckereddy,2016,09,06,120006,0.22874257032574946,4.0,5.417470258088283e-06,3.0,4.063102693566212e-06,5.0,6.771837822610354e-06,0.0005417470258088284
hawbeckereddy,2016,09,07,120006,0.24502496743593272,0.0,0.0,0.0,0.0,0.0,0.0,0.0
hawbeckereddy,2016,09,08,120006,0.2309667560909548,0.0,0.0,0.0,0.0,0.0,0.0,0.0
hawbeckereddy,2016,09,09,120012,0.25050710193013226,0.0,0.0,0.0,0.0,0.0,0.0,0.0
hawbeckereddy,2016,09,10,120007,0.2694705667762698,0.0,0.0,0.0,0.0,0.0,0.0,0.0
hawbeckereddy,2016,09,11,120010,0.1983541355004166,0.0,0.0,0.0,0.0,0.0,0.0,0.0
hawbeckereddy,2016,09,12,120006,0.20759512346660927,4.0,5.417470258088283e-06,5.0,6.771837822610354e-06,7.0,9.480572951654495e-06,0.0005417470258088284
hawbeckereddy,2016,09,13,120008,0.22084067819489317,0.0,0.0,0.0,0.0,0.0,0.0,0.0
hawbeckereddy,2016,09,14,120006,0.22336480984586105,0.0,0.0,3.0,4.063102693566212e-06,3.0,4.063102693566212e-06,0.0
hawbeckereddy,2016,09,15,120006,0.20388869518335087,0.0,0.0,0.0,0.0,0.0,0.0,0.0
hawbeckereddy,2016,09,16,120006,0.23488877376002787,2.0,2.7087351290441417e-06,2.0,2.7087351290441417e-06,4.0,5.417470258088283e-06,0.0002708735129044142
hawbeckereddy,2016,09,17,120009,0.2268616021579921,3.0,4.063102693566212e-06,6.0,8.126205387132425e-06,6.0,8.126205387132425e-06,0.0004063102693566212
hawbeckereddy,2016,09,18,120008,0.22226455562004993,0.0,0.0,1.0,1.3543675645220708e-06,1.0,1.3543675645220708e-06,0.0
hawbeckereddy,2016,09,19,120009,0.22756031527804463,0.0,0.0,0.0,0.0,0.0,0.0,0.0
hawbeckereddy,2016,09,20,120006,0.20606289110298429,0.0,0.0,0.0,0.0,0.0,0.0,0.0
hawbeckereddy,2016,09,21,120006,0.20662707086285179,6.0,8.126205387132425e-06,0.0,0.0,6.0,8.126205387132425e-06,0.0008126205387132424
hawbeckereddy,2016,09,22,120005,0.20896483610320227,0.0,0.0,1.0,1.3543675645220708e-06,1.0,1.3543675645220708e-06,0.0
hawbeckereddy,2016,09,23,120012,0.21475137523778942,11.0,1.4898043209742779e-05,2.0,2.7087351290441417e-06,11.0,1.4898043209742779e-05,0.001489804320974278
hawbeckereddy,2016,09,24,120008,0.18999228467625506,12.0,1.625241077426485e-05,2.0,2.7087351290441417e-06,12.0,1.625241077426485e-05,0.0016252410774264849
hawbeckereddy,2016,09,25,120006,0.19768683039704119,15.0,2.031551346783106e-05,2.0,2.7087351290441417e-06,15.0,2.031551346783106e-05,0.002031551346783106
hawbeckereddy,2016,09,26,120006,0.23866358918592856,0.0,0.0,0.0,0.0,0.0,0.0,0.0
hawbeckereddy,2016,09,27,120006,0.20113775440173778,0.0,0.0,0.0,0.0,0.0,0.0,0.0
hawbeckereddy,2016,09,28,120006,0.20730867064040753,23.0,3.1150453984007625e-05,3.0,4.063102693566212e-06,23.0,3.1150453984007625e-05,0.0031150453984007623
hawbeckereddy,2016,09,29,120005,0.215507888856957,11.0,1.4898043209742779e-05,0.0,0.0,11.0,1.4898043209742779e-05,0.001489804320974278
hawbeckereddy,2016,09,30,120005,0.21099989432798336,22.0,2.9796086419485558e-05,0.0,0.0,22.0,2.9796086419485558e-05,0.002979608641948556
hawbeckereddy,2016,10,01,100054,0.2159859276935855,47.0,6.365527553253732e-05,0.0,0.0,47.0,6.365527553253732e-05,0.006365527553253732
hawbeckereddy,2016,10,02,120006,0.21970870791379654,8.0,1.0834940516176567e-05,0.0,0.0,8.0,1.0834940516176567e-05,0.0010834940516176567
hawbeckereddy,2016,10,03,120006,0.22854497023300382,3.0,4.063102693566212e-06,5.0,6.771837822610354e-06,7.0,9.480572951654495e-06,0.0004063102693566212
hawbeckereddy,2016,10,04,120005,0.2223152845912259,4.0,5.417470258088283e-06,3.0,4.063102693566212e-06,6.0,8.126205387132425e-06,0.0005417470258088284
hawbeckereddy,2016,10,05,120006,0.2283234286713642,0.0,0.0,0.0,0.0,0.0,0.0,0.0
hawbeckereddy,2016,10,06,120006,0.2021032638797342,10.0,1.3543675645220707e-05,8.0,1.0834940516176567e-05,16.0,2.1669881032353134e-05,0.0013543675645220708
hawbeckereddy,2016,10,07,120006,0.2167879291263942,3.0,4.063102693566212e-06,0.0,0.0,3.0,4.063102693566212e-06,0.0004063102693566212
hawbeckereddy,2016,10,08,120006,0.21541264376231772,29.0,3.927665937114005e-05,0.0,0.0,29.0,3.927665937114005e-05,0.003927665937114006
hawbeckereddy,2016,10,09,120006,0.22018294460090884,3.0,4.063102693566212e-06,0.0,0.0,3.0,4.063102693566212e-06,0.0004063102693566212
hawbeckereddy,2016,10,10,120005,0.19436110664903597,15.0,2.031551346783106e-05,0.0,0.0,15.0,2.031551346783106e-05,0.002031551346783106
hawbeckereddy,2016,10,11,120009,0.2034685393024189,16.0,2.1669881032353134e-05,0.0,0.0,16.0,2.1669881032353134e-05,0.0021669881032353134
hawbeckereddy,2016,10,12,120009,0.1983085795283729,15.0,2.031551346783106e-05,0.0,0.0,15.0,2.031551346783106e-05,0.002031551346783106
hawbeckereddy,2016,10,13,120009,0.1709390514690912,0.0,0.0,1.0,1.3543675645220708e-06,1.0,1.3543675645220708e-06,0.0
hawbeckereddy,2016,10,14,120006,0.16668372428530356,3.0,4.063102693566212e-06,0.0,0.0,3.0,4.063102693566212e-06,0.0004063102693566212
hawbeckereddy,2016,10,15,120006,0.16492275837359335,0.0,0.0,3.0,4.063102693566212e-06,3.0,4.063102693566212e-06,0.0
hawbeckereddy,2016,10,16,120006,0.17716933734145932,0.0,0.0,0.0,0.0,0.0,0.0,0.0
hawbeckereddy,2016,10,17,120006,0.1880002168335971,0.0,0.0,0.0,0.0,0.0,0.0,0.0
hawbeckereddy,2016,10,18,120008,0.1817901821328678,0.0,0.0,0.0,0.0,0.0,0.0,0.0
hawbeckereddy,2016,10,19,120008,0.17381439171101726,11.0,1.4898043209742779e-05,7.0,9.480572951654495e-06,14.0,1.896114590330899e-05,0.001489804320974278
hawbeckereddy,2016,10,20,120006,0.18004701371538084,0.0,0.0,0.0,0.0,0.0,0.0,0.0
hawbeckereddy,2016,10,21,120006,0.19786811577198846,4.0,5.417470258088283e-06,0.0,0.0,4.0,5.417470258088283e-06,0.0005417470258088284
hawbeckereddy,2016,10,22,120006,0.19086514699183493,0.0,0.0,0.0,0.0,0.0,0.0,0.0
hawbeckereddy,2016,10,23,120006,0.20020024481698925,0.0,0.0,0.0,0.0,0.0,0.0,0.0
hawbeckereddy,2016,10,24,120009,0.1901517607207884,0.0,0.0,0.0,0.0,0.0,0.0,0.0
hawbeckereddy,2016,10,25,120006,0.1700412014048607,0.0,0.0,0.0,0.0,0.0,0.0,0.0
hawbeckereddy,2016,10,26,120006,0.172062657311462,0.0,0.0,0.0,0.0,0.0,0.0,0.0
hawbeckereddy,2016,10,27,120007,0.20901994623597253,0.0,0.0,0.0,0.0,0.0,0.0,0.0
hawbeckereddy,2016,10,28,120005,0.16351770260673978,19.0,2.5732983725919344e-05,0.0,0.0,19.0,2.5732983725919344e-05,0.0025732983725919346
hawbeckereddy,2016,10,29,120006,0.18892576140456202,0.0,0.0,0.0,0.0,0.0,0.0,0.0
hawbeckereddy,2016,10,30,120005,0.18383402091337922,0.0,0.0,0.0,0.0,0.0,0.0,0.0
hawbeckereddy,2016,10,31,120010,0.17769474017091413,0.0,0.0,0.0,0.0,0.0,0.0,0.0
hawbeckereddy,2016,11,01,120005,0.18368196957147986,0.0,0.0,0.0,0.0,0.0,0.0,0.0
hawbeckereddy,2016,11,02,120006,0.18324753173408775,0.0,0.0,0.0,0.0,0.0,0.0,0.0
hawbeckereddy,2016,11,03,120005,0.20602945566409842,0.0,0.0,0.0,0.0,0.0,0.0,0.0
hawbeckereddy,2016,11,04,120005,0.15924837830675492,1.0,1.3543675645220708e-06,0.0,0.0,1.0,1.3543675645220708e-06,0.0001354367564522071
hawbeckereddy,2016,11,05,120005,0.16047807137682768,0.0,0.0,0.0,0.0,0.0,0.0,0.0
hawbeckereddy,2016,11,06,120008,0.1641375693387403,0.0,0.0,0.0,0.0,0.0,0.0,0.0
hawbeckereddy,2016,11,07,120009,0.15509044362499916,0.0,0.0,0.0,0.0,0.0,0.0,0.0
hawbeckereddy,2016,11,08,120006,0.16517047414682895,0.0,0.0,0.0,0.0,0.0,0.0,0.0
hawbeckereddy,2016,11,09,120009,0.15811960662866817,0.0,0.0,0.0,0.0,0.0,0.0,0.0
hawbeckereddy,2016,11,10,120009,0.15620586311421308,2.0,2.7087351290441417e-06,0.0,0.0,2.0,2.7087351290441417e-06,0.0002708735129044142
hawbeckereddy,2016,11,11,120009,0.14446592754153834,0.0,0.0,0.0,0.0,0.0,0.0,0.0
hawbeckereddy,2016,11,12,120008,0.1484665046477582,6.0,8.126205387132425e-06,7.0,9.480572951654495e-06,11.0,1.4898043209742779e-05,0.0008126205387132424
hawbeckereddy,2016,11,13,120006,0.14922987606475105,7.0,9.480572951654495e-06,0.0,0.0,7.0,9.480572951654495e-06,0.0009480572951654495
hawbeckereddy,2016,11,14,120008,0.1492875166835544,0.0,0.0,0.0,0.0,0.0,0.0,0.0
hawbeckereddy,2016,11,15,120006,0.1506247071156457,0.0,0.0,0.0,0.0,0.0,0.0,0.0
hawbeckereddy,2016,11,16,120006,0.14775181669939633,0.0,0.0,0.0,0.0,0.0,0.0,0.0
hawbeckereddy,2016,11,17,120006,0.14582281218242302,2.0,2.7087351290441417e-06,0.0,0.0,2.0,2.7087351290441417e-06,0.0002708735129044142
hawbeckereddy,2016,11,18,120006,0.1538046448685481,1.0,1.3543675645220708e-06,0.0,0.0,1.0,1.3543675645220708e-06,0.0001354367564522071
hawbeckereddy,2016,11,19,120009,0.16310670628143406,0.0,0.0,0.0,0.0,0.0,0.0,0.0
hawbeckereddy,2016,11,20,120006,0.13984834036429525,0.0,0.0,0.0,0.0,0.0,0.0,0.0
hawbeckereddy,2016,11,21,120006,0.12571758323790427,679.0,0.000919615576310486,364.0,0.0004929897934860338,720.0,0.0009751446464558909,0.09751446464558909
hawbeckereddy,2016,11,22,120006,0.1401194170587387,16.0,2.1669881032353134e-05,0.0,0.0,16.0,2.1669881032353134e-05,0.0021669881032353134
hawbeckereddy,2016,11,23,120009,0.14377535509777253,6.0,8.126205387132425e-06,0.0,0.0,6.0,8.126205387132425e-06,0.0008126205387132424
hawbeckereddy,2016,11,24,120006,0.13648455789058336,0.0,0.0,0.0,0.0,0.0,0.0,0.0
hawbeckereddy,2016,11,25,120008,0.14664176682751942,0.0,0.0,0.0,0.0,0.0,0.0,0.0
hawbeckereddy,2016,11,28,120006,0.15031270522545861,0.0,0.0,0.0,0.0,0.0,0.0,0.0
hawbeckereddy,2016,11,30,120006,0.1639429677940554,0.0,0.0,0.0,0.0,0.0,0.0,0.0
hawbeckereddy,2016,12,01,120006,0.14876366071576538,0.0,0.0,0.0,0.0,0.0,0.0,0.0
hawbeckereddy,2016,12,02,120006,0.13749243568102198,0.0,0.0,0.0,0.0,0.0,0.0,0.0
hawbeckereddy,2016,12,05,120006,0.1355209725442437,0.0,0.0,0.0,0.0,0.0,0.0,0.0
hawbeckereddy,2016,12,06,120006,0.1391019757751852,0.0,0.0,0.0,0.0,0.0,0.0,0.0
hawbeckereddy,2016,12,07,120006,0.1483234534985651,0.0,0.0,0.0,0.0,0.0,0.0,0.0
hawbeckereddy,2016,12,08,120006,0.1476951333644977,0.0,0.0,0.0,0.0,0.0,0.0,0.0
hawbeckereddy,2016,12,09,120005,0.13703545577188309,0.0,0.0,0.0,0.0,0.0,0.0,0.0
hawbeckereddy,2016,12,10,120006,0.15899343809031943,0.0,0.0,0.0,0.0,0.0,0.0,0.0
hawbeckereddy,2016,12,11,120006,0.015779114203045033,652055.0,0.8831221422844389,214287.0,0.29022336229874096,652076.0,0.8831505840032938,88.31505840032938
hawbeckereddy,2016,12,12,120006,-0.0005847162775843481,738352.0,1.0,730894.0,0.9898991267037944,738352.0,1.0,100.0
hawbeckereddy,2016,12,13,120009,0.007534400684950189,737128.0,0.998342254101025,671143.0,0.9089743103560362,737142.0,0.9983612152469283,99.83612152469283
hawbeckereddy,2016,12,14,120005,0.0056675667803763406,738352.0,1.0,532261.0,0.7208770342600819,738352.0,1.0,100.0
hawbeckereddy,2016,12,15,120008,-0.015678565958489696,738312.0,0.9999458252974192,726158.0,0.9834848419182178,738312.0,0.9999458252974192,99.99458252974192
hawbeckereddy,2016,12,16,120007,0.011458598052697258,737721.0,0.9991453940667866,15085.0,0.020430634710815437,737721.0,0.9991453940667866,99.91453940667866
hawbeckereddy,2016,12,17,120008,-0.008043404962509175,738352.0,1.0,734819.0,0.9952150193945435,738352.0,1.0,100.0
hawbeckereddy,2016,12,18,120007,0.009301983290317648,736348.0,0.9972858474006978,593967.0,0.8044496391964808,736350.0,0.9972885561358268,99.72885561358268
hawbeckereddy,2016,12,19,120007,0.02738134713142491,621380.0,0.8415769172427243,91183.0,0.12349529763581597,621749.0,0.842076678874033,84.2076678874033
hawbeckereddy,2016,12,20,120008,0.02208793045587218,674719.0,0.913817528766767,260.0,0.0003521355667757384,674731.0,0.9138337811775413,91.38337811775413
hawbeckereddy,2016,12,21,120007,0.018490195848456664,726647.0,0.9841471276572692,454185.0,0.6151334322924568,726743.0,0.9842771469434632,98.42771469434632
hawbeckereddy,2016,12,22,120005,0.0092182659728671,734972.0,0.9954222376319154,541844.0,0.7338559386308969,734985.0,0.9954398444102542,99.54398444102543
hawbeckereddy,2016,12,23,120009,0.01716501731791984,722528.0,0.9785684876590027,404657.0,0.5480543155568076,722799.0,0.9789355212689882,97.89355212689883
hawbeckereddy,2016,12,24,120009,0.01275364982339533,719401.0,0.9743333802847423,317530.0,0.4300523327626931,719464.0,0.9744187054413072,97.44187054413072
hawbeckereddy,2016,12,27,120006,0.14292603587276845,13.0,1.760677833878692e-05,0.0,0.0,13.0,1.760677833878692e-05,0.001760677833878692
hawbeckereddy,2016,12,28,120008,0.1290413956540422,0.0,0.0,0.0,0.0,0.0,0.0,0.0
hawbeckereddy,2016,12,29,120007,-0.016094883682927795,722394.0,0.9783870024053568,320641.0,0.4342657702559213,722810.0,0.978950419312198,97.8950419312198
hawbeckereddy,2016,12,30,120007,-0.003661672987079219,737679.0,0.9990885106290767,518411.0,0.7021190434914513,737679.0,0.9990885106290767,99.90885106290767
hawbeckereddy,2016,12,31,120008,0.0024769524727315394,737544.0,0.9989056710078662,614419.0,0.8321491646260862,737544.0,0.9989056710078662,99.89056710078663
hawbeckereddy,2017,01,05,120008,0.14566384122062503,0.0,0.0,0.0,0.0,0.0,0.0,0.0
hawbeckereddy,2017,01,06,120007,0.029041101545585063,369021.0,0.49979007302749906,59842.0,0.08104806379612976,369579.0,0.5005458101285024,50.05458101285024
hawbeckereddy,2017,01,07,120008,0.06501328338912656,26100.0,0.035348993434026046,2020.0,0.002735822480334583,26583.0,0.03600315296769021,3.600315296769021
hawbeckereddy,2017,01,08,120008,0.06779317203724387,40703.0,0.05512682297874184,6925.0,0.00937899538431534,40962.0,0.05547760417795306,5.547760417795306
hawbeckereddy,2017,01,09,120006,0.0826906959904967,34712.0,0.04701280689969012,11379.0,0.015411348516696644,35000.0,0.047402864758272475,4.740286475827247
hawbeckereddy,2017,01,10,120008,-0.0003389560382441591,737587.0,0.9989639088131406,621647.0,0.8419385333824517,737587.0,0.9989639088131406,99.89639088131406
hawbeckereddy,2017,01,11,120008,0.015028555085700692,687020.0,0.9304776041779531,233685.0,0.31649538431534013,687023.0,0.9304816672806466,93.04816672806466
hawbeckereddy,2017,01,12,120007,0.1413565378290114,0.0,0.0,0.0,0.0,0.0,0.0,0.0
hawbeckereddy,2017,01,13,120009,0.14695806594400962,22.0,2.9796086419485558e-05,0.0,0.0,22.0,2.9796086419485558e-05,0.002979608641948556
hawbeckereddy,2017,01,14,120009,0.08683184927642516,1161.0,0.0015724207424101242,55.0,7.44902160487139e-05,1191.0,0.0016130517693457862,0.16130517693457863
hawbeckereddy,2017,01,15,120008,0.14173252428345068,18.0,2.4378616161397274e-05,0.0,0.0,18.0,2.4378616161397274e-05,0.0024378616161397273
hawbeckereddy,2017,01,16,120008,0.15414532322690444,0.0,0.0,0.0,0.0,0.0,0.0,0.0
hawbeckereddy,2017,01,17,120008,0.1352245030747358,11.0,1.4898043209742779e-05,0.0,0.0,11.0,1.4898043209742779e-05,0.001489804320974278
hawbeckereddy,2017,01,18,120007,0.13845579224357518,0.0,0.0,0.0,0.0,0.0,0.0,0.0
hawbeckereddy,2017,01,20,100006,0.13020114694261423,0.0,0.0,0.0,0.0,0.0,0.0,0.0
hawbeckereddy,2017,01,21,120005,0.15453581689008,0.0,0.0,0.0,0.0,0.0,0.0,0.0
hawbeckereddy,2017,01,22,120009,0.12566321305495293,7.0,9.480572951654495e-06,0.0,0.0,7.0,9.480572951654495e-06,0.0009480572951654495
hawbeckereddy,2017,01,23,120009,0.13688288978151694,0.0,0.0,0.0,0.0,0.0,0.0,0.0
hawbeckereddy,2017,01,24,120008,-0.0018454962735209852,738352.0,1.0,701018.0,0.949436041346133,738352.0,1.0,100.0
hawbeckereddy,2017,01,25,120008,0.1528819783594699,0.0,0.0,0.0,0.0,0.0,0.0,0.0
hawbeckereddy,2017,01,26,120009,0.12496486449448589,0.0,0.0,0.0,0.0,0.0,0.0,0.0
hawbeckereddy,2017,01,27,120007,0.13733848737012574,0.0,0.0,0.0,0.0,0.0,0.0,0.0
hawbeckereddy,2017,01,28,120008,0.023681308649948715,406228.0,0.5501820270006718,35805.0,0.04849313064771275,406380.0,0.5503878908704791,55.03878908704791
hawbeckereddy,2017,01,29,120008,0.10167817761308307,18829.0,0.02550138687238607,6465.0,0.008755986304635187,18979.0,0.02570454200706438,2.570454200706438
hawbeckereddy,2017,01,30,120008,0.045223352998077476,125854.0,0.1704525754653607,8383.0,0.01135366329338852,126241.0,0.17097671571283074,17.097671571283072
hawbeckereddy,2017,01,31,120008,0.00046061188574921837,738352.0,1.0,733458.0,0.993371725139229,738352.0,1.0,100.0
hawbeckereddy,2017,02,02,120006,-0.009321146293776988,738064.0,0.9996099421414176,666733.0,0.9030015493964938,738064.0,0.9996099421414176,99.96099421414176
hawbeckereddy,2017,02,03,120006,-0.004092298028045577,737367.0,0.9986659479489458,537411.0,0.7278520272173705,737367.0,0.9986659479489458,99.86659479489458
hawbeckereddy,2017,02,04,120008,0.013868891223475104,718110.0,0.9725848917589442,22352.0,0.030272823802197327,718115.0,0.9725916635967669,97.25916635967668
hawbeckereddy,2017,02,05,120008,0.00487686081945662,736038.0,0.9968659934556959,544631.0,0.7376305610332199,736041.0,0.9968700565583895,99.68700565583895
hawbeckereddy,2017,02,06,120008,0.03209461061352503,359090.0,0.4863398487442304,14654.0,0.019846902290506424,359396.0,0.4867542852189741,48.675428521897416
hawbeckereddy,2017,02,07,120008,0.13347159197758038,0.0,0.0,0.0,0.0,0.0,0.0,0.0
hawbeckereddy,2017,02,08,120005,0.1316081193427035,0.0,0.0,0.0,0.0,0.0,0.0,0.0
hawbeckereddy,2017,02,09,120008,-0.0050715603569276855,738352.0,1.0,738254.0,0.9998672719786769,738352.0,1.0,100.0
hawbeckereddy,2017,02,10,120008,0.002488645482346943,738352.0,1.0,419827.0,0.5686000715106074,738352.0,1.0,100.0
hawbeckereddy,2017,02,11,120005,0.01942851022778965,668404.0,0.9052646975968102,18641.0,0.025246765770255922,668404.0,0.9052646975968102,90.52646975968102
hawbeckereddy,2017,02,12,120008,0.14447334862113353,1810.0,0.002451405291784948,1255.0,0.001699731293475199,1824.0,0.002470366437688257,0.2451405291784948
hawbeckereddy,2017,02,13,120008,0.08421144501664406,11583.0,0.015687639499859147,1972.0,0.0026708128372375235,11669.0,0.015804115110408044,1.5804115110408044
hawbeckereddy,2017,02,14,120009,0.14314888641937099,0.0,0.0,0.0,0.0,0.0,0.0,0.0
hawbeckereddy,2017,02,15,120009,0.14035432871396472,0.0,0.0,0.0,0.0,0.0,0.0,0.0
hawbeckereddy,2017,02,16,120008,0.12443316667623087,0.0,0.0,0.0,0.0,0.0,0.0,0.0
hawbeckereddy,2017,02,17,120008,0.14247919206609616,1.0,1.3543675645220708e-06,0.0,0.0,1.0,1.3543675645220708e-06,0.0001354367564522071
hawbeckereddy,2017,02,18,120008,0.15565993731175123,0.0,0.0,0.0,0.0,0.0,0.0,0.0
hawbeckereddy,2017,02,19,120009,0.15163888469376133,0.0,0.0,0.0,0.0,0.0,0.0,0.0
hawbeckereddy,2017,02,20,120008,0.14531098829834826,0.0,0.0,0.0,0.0,0.0,0.0,0.0
hawbeckereddy,2017,02,21,120008,0.14541156957048734,0.0,0.0,0.0,0.0,0.0,0.0,0.0
hawbeckereddy,2017,02,22,120007,0.14651314145139108,0.0,0.0,0.0,0.0,0.0,0.0,0.0
hawbeckereddy,2017,02,23,120006,0.15149668972255204,0.0,0.0,0.0,0.0,0.0,0.0,0.0
hawbeckereddy,2017,02,24,120009,0.1523990647396302,0.0,0.0,0.0,0.0,0.0,0.0,0.0
hawbeckereddy,2017,02,25,120005,0.14540141449761743,0.0,0.0,0.0,0.0,0.0,0.0,0.0
hawbeckereddy,2017,02,26,120007,0.1459508674285133,0.0,0.0,0.0,0.0,0.0,0.0,0.0
hawbeckereddy,2017,02,27,120009,0.12678470595518468,0.0,0.0,0.0,0.0,0.0,0.0,0.0
hawbeckereddy,2017,02,28,120008,0.15430491766437696,0.0,0.0,0.0,0.0,0.0,0.0,0.0
hawbeckereddy,2017,03,01,120009,0.14631819014026073,0.0,0.0,0.0,0.0,0.0,0.0,0.0
hawbeckereddy,2017,03,02,120008,0.1576147493061497,0.0,0.0,0.0,0.0,0.0,0.0,0.0
hawbeckereddy,2017,03,03,120008,0.1362547204034704,0.0,0.0,0.0,0.0,0.0,0.0,0.0
hawbeckereddy,2017,03,04,120007,0.13947728859286104,0.0,0.0,0.0,0.0,0.0,0.0,0.0
hawbeckereddy,2017,03,05,120008,0.14483759735521326,0.0,0.0,0.0,0.0,0.0,0.0,0.0
hawbeckereddy,2017,03,06,120009,0.15071722099063395,0.0,0.0,0.0,0.0,0.0,0.0,0.0
hawbeckereddy,2017,03,07,120008,0.13875834216055682,0.0,0.0,0.0,0.0,0.0,0.0,0.0
hawbeckereddy,2017,03,08,120006,0.14378367717874332,0.0,0.0,0.0,0.0,0.0,0.0,0.0
hawbeckereddy,2017,03,09,120009,0.14517776246087893,0.0,0.0,0.0,0.0,0.0,0.0,0.0
hawbeckereddy,2017,03,10,120009,-0.0019737761933409747,738247.0,0.9998577914057252,709487.0,0.9609061802500705,738247.0,0.9998577914057252,99.98577914057252
hawbeckereddy,2017,03,11,120006,0.014429643343745621,690597.0,0.9353221769562485,191110.0,0.25883318525581295,690639.0,0.9353790603939585,93.53790603939585
hawbeckereddy,2017,03,12,120007,0.012205770692818647,657761.0,0.8908501636076018,191560.0,0.2594426506598479,658231.0,0.8914867163629272,89.14867163629272
hawbeckereddy,2017,03,13,120009,0.024698241405357698,389990.0,0.5281898064879624,41636.0,0.05639044791644094,390154.0,0.528411922768544,52.8411922768544
hawbeckereddy,2017,03,14,120008,-0.004848787206243866,738352.0,1.0,738349.0,0.9999959368973065,738352.0,1.0,100.0
hawbeckereddy,2017,03,15,120008,-0.004403353340792131,738352.0,1.0,738206.0,0.9998022623355798,738352.0,1.0,100.0
hawbeckereddy,2017,03,16,120006,0.008669677459319904,737770.0,0.9992117580774481,427205.0,0.5785925954016512,737770.0,0.9992117580774481,99.92117580774482
hawbeckereddy,2017,03,17,120009,0.025948694631863153,552344.0,0.7480767980583787,114407.0,0.15494912995427654,552359.0,0.7480971135718465,74.80971135718465
hawbeckereddy,2017,03,18,120008,0.11128721989652418,149031.0,0.20184275250828873,118622.0,0.16065778923873708,149341.0,0.20226260645329058,20.22626064532906
hawbeckereddy,2017,03,19,120008,0.12818883990731128,91974.0,0.12456660237935294,76002.0,0.10293464363880642,92130.0,0.12477788371941838,12.477788371941838
hawbeckereddy,2017,03,20,120005,0.13567962308472586,26952.0,0.036502914598998855,23898.0,0.03236667605694845,26994.0,0.03655979803670878,3.6559798036708777
hawbeckereddy,2017,03,21,120009,0.1403668194625533,7404.0,0.010027737447721412,6605.0,0.008945597763668277,7417.0,0.0100453442260602,0.8945597763668277
hawbeckereddy,2017,03,22,120005,0.1412298206726984,0.0,0.0,1.0,1.3543675645220708e-06,1.0,1.3543675645220708e-06,0.0
hawbeckereddy,2017,03,23,120007,0.14411415159852056,0.0,0.0,0.0,0.0,0.0,0.0,0.0
hawbeckereddy,2017,03,24,120008,0.15816777300787302,0.0,0.0,0.0,0.0,0.0,0.0,0.0
hawbeckereddy,2017,03,25,120009,0.15043845547283066,0.0,0.0,0.0,0.0,0.0,0.0,0.0
hawbeckereddy,2017,03,26,120008,0.14671169401131118,0.0,0.0,2.0,2.7087351290441417e-06,2.0,2.7087351290441417e-06,0.0
hawbeckereddy,2017,03,27,120008,0.14555467718317844,0.0,0.0,1.0,1.3543675645220708e-06,1.0,1.3543675645220708e-06,0.0
hawbeckereddy,2017,03,28,120008,0.14580891704447643,0.0,0.0,0.0,0.0,0.0,0.0,0.0
hawbeckereddy,2017,03,29,120008,0.154690024624269,0.0,0.0,0.0,0.0,0.0,0.0,0.0
hawbeckereddy,2017,03,30,120008,0.14236712033547486,0.0,0.0,1.0,1.3543675645220708e-06,1.0,1.3543675645220708e-06,0.0
hawbeckereddy,2017,03,31,120008,0.13656354640107327,0.0,0.0,0.0,0.0,0.0,0.0,0.0
hawbeckereddy,2017,04,01,120008,0.13456967437665848,0.0,0.0,0.0,0.0,0.0,0.0,0.0
hawbeckereddy,2017,04,06,120011,0.139802494852553,0.0,0.0,0.0,0.0,0.0,0.0,0.0
hawbeckereddy,2017,04,07,120009,0.13463822995627725,0.0,0.0,0.0,0.0,0.0,0.0,0.0
hawbeckereddy,2017,04,08,120006,0.14801207852072928,0.0,0.0,0.0,0.0,0.0,0.0,0.0
hawbeckereddy,2017,04,09,120008,0.142183540088249,0.0,0.0,0.0,0.0,0.0,0.0,0.0
hawbeckereddy,2017,04,10,120008,0.11954005426735427,0.0,0.0,40.0,5.417470258088283e-05,40.0,5.417470258088283e-05,0.005417470258088283
hawbeckereddy,2017,04,11,120008,0.12050750038932354,0.0,0.0,0.0,0.0,0.0,0.0,0.0
hawbeckereddy,2017,04,12,120009,0.13977261879381364,0.0,0.0,0.0,0.0,0.0,0.0,0.0
hawbeckereddy,2017,04,13,120008,0.13580039494570187,0.0,0.0,0.0,0.0,0.0,0.0,0.0
hawbeckereddy,2017,04,14,120008,0.14178146317716872,413.0,0.0005593538041476152,1048.0,0.00141937720761913,1057.0,0.0014315665156998288,0.055935380414761524
hawbeckereddy,2017,04,15,120008,0.15118636124823204,0.0,0.0,0.0,0.0,0.0,0.0,0.0
hawbeckereddy,2017,04,16,120008,0.1507547208459211,0.0,0.0,0.0,0.0,0.0,0.0,0.0
hawbeckereddy,2017,04,17,120006,0.15350661660879367,0.0,0.0,0.0,0.0,0.0,0.0,0.0
hawbeckereddy,2017,04,18,120009,0.15325987499599744,0.0,0.0,0.0,0.0,0.0,0.0,0.0
hawbeckereddy,2017,04,19,120009,0.1435703677922059,0.0,0.0,0.0,0.0,0.0,0.0,0.0
hawbeckereddy,2017,04,20,120009,0.1480322374303064,0.0,0.0,0.0,0.0,0.0,0.0,0.0
hawbeckereddy,2017,04,21,120007,0.159592081080638,0.0,0.0,0.0,0.0,0.0,0.0,0.0
hawbeckereddy,2017,04,22,120006,0.15066161968587768,0.0,0.0,2.0,2.7087351290441417e-06,2.0,2.7087351290441417e-06,0.0
hawbeckereddy,2017,04,23,120008,0.15559750304865388,6.0,8.126205387132425e-06,0.0,0.0,6.0,8.126205387132425e-06,0.0008126205387132424
hawbeckereddy,2017,04,24,120006,0.1539849240004102,0.0,0.0,0.0,0.0,0.0,0.0,0.0
hawbeckereddy,2017,04,25,120006,0.1430297753699121,0.0,0.0,0.0,0.0,0.0,0.0,0.0
hawbeckereddy,2017,04,26,120008,0.15155414690890343,2.0,2.7087351290441417e-06,0.0,0.0,2.0,2.7087351290441417e-06,0.0002708735129044142
hawbeckereddy,2017,04,27,120011,0.14841533461046097,0.0,0.0,0.0,0.0,0.0,0.0,0.0
hawbeckereddy,2017,04,28,120008,0.14885758392879828,0.0,0.0,0.0,0.0,0.0,0.0,0.0
hawbeckereddy,2017,04,29,120008,0.15087028046779583,0.0,0.0,0.0,0.0,0.0,0.0,0.0
hawbeckereddy,2017,04,30,120008,0.16244674999016318,0.0,0.0,0.0,0.0,0.0,0.0,0.0
hawbeckereddy,2017,05,01,120008,0.15002795015537435,0.0,0.0,0.0,0.0,0.0,0.0,0.0
hawbeckereddy,2017,05,02,120008,0.13392281528353586,0.0,0.0,0.0,0.0,0.0,0.0,0.0
hawbeckereddy,2017,05,03,120008,0.12375797799732839,0.0,0.0,0.0,0.0,0.0,0.0,0.0
hawbeckereddy,2017,05,04,120009,0.1454809260368732,0.0,0.0,0.0,0.0,0.0,0.0,0.0
hawbeckereddy,2017,05,05,120008,0.14193230794245246,0.0,0.0,0.0,0.0,0.0,0.0,0.0
hawbeckereddy,2017,05,06,120009,0.14162487241539543,0.0,0.0,0.0,0.0,0.0,0.0,0.0
hawbeckereddy,2017,05,07,120009,0.14131541035968936,0.0,0.0,0.0,0.0,0.0,0.0,0.0
hawbeckereddy,2017,05,08,120008,0.127198352385089,0.0,0.0,0.0,0.0,0.0,0.0,0.0
hawbeckereddy,2017,05,09,120008,0.12736040921948033,0.0,0.0,0.0,0.0,0.0,0.0,0.0
hawbeckereddy,2017,05,10,120008,0.14007294714890148,0.0,0.0,0.0,0.0,0.0,0.0,0.0
hawbeckereddy,2017,05,11,120009,0.14011213154016366,0.0,0.0,0.0,0.0,0.0,0.0,0.0
hawbeckereddy,2017,05,12,120008,0.14425453729894702,0.0,0.0,0.0,0.0,0.0,0.0,0.0
hawbeckereddy,2017,05,13,120009,0.14211356812379763,10.0,1.3543675645220707e-05,1.0,1.3543675645220708e-06,11.0,1.4898043209742779e-05,0.0013543675645220708
hawbeckereddy,2017,05,14,120008,0.13750821995881146,0.0,0.0,0.0,0.0,0.0,0.0,0.0
hawbeckereddy,2017,05,15,120008,0.12851227570322513,0.0,0.0,0.0,0.0,0.0,0.0,0.0
hawbeckereddy,2017,05,16,120008,0.13964654369231258,0.0,0.0,0.0,0.0,0.0,0.0,0.0
hawbeckereddy,2017,05,17,120008,0.13526137970985608,0.0,0.0,0.0,0.0,0.0,0.0,0.0
hawbeckereddy,2017,05,18,120007,0.13164203297073618,0.0,0.0,0.0,0.0,0.0,0.0,0.0
hawbeckereddy,2017,05,19,120009,0.13864365916890453,0.0,0.0,0.0,0.0,0.0,0.0,0.0
hawbeckereddy,2017,05,20,120006,0.14932717451777144,0.0,0.0,0.0,0.0,0.0,0.0,0.0
hawbeckereddy,2017,05,21,120009,0.14440035354885292,0.0,0.0,0.0,0.0,0.0,0.0,0.0
hawbeckereddy,2017,05,22,120008,0.149717324903029,0.0,0.0,0.0,0.0,0.0,0.0,0.0
hawbeckereddy,2017,05,23,120009,0.14253358781768358,0.0,0.0,0.0,0.0,0.0,0.0,0.0
hawbeckereddy,2017,05,25,120009,0.13823998304397184,7.0,9.480572951654495e-06,0.0,0.0,7.0,9.480572951654495e-06,0.0009480572951654495
hawbeckereddy,2017,05,26,120008,0.13210500252946725,0.0,0.0,0.0,0.0,0.0,0.0,0.0
hawbeckereddy,2017,05,27,120009,0.13726043005650038,0.0,0.0,0.0,0.0,0.0,0.0,0.0
hawbeckereddy,2017,05,28,120006,0.14128377931842245,0.0,0.0,0.0,0.0,0.0,0.0,0.0
hawbeckereddy,2017,05,29,120009,0.13231128995041097,0.0,0.0,0.0,0.0,0.0,0.0,0.0
hawbeckereddy,2017,05,30,120009,0.15160115142174616,15.0,2.031551346783106e-05,8.0,1.0834940516176567e-05,17.0,2.3024248596875204e-05,0.002031551346783106
hawbeckereddy,2017,05,31,120008,0.1498825577857616,0.0,0.0,0.0,0.0,0.0,0.0,0.0
hawbeckereddy,2017,06,01,120006,0.1341846533829824,26.0,3.521355667757384e-05,6.0,8.126205387132425e-06,26.0,3.521355667757384e-05,0.003521355667757384
hawbeckereddy,2017,06,02,120008,0.14551274993649188,0.0,0.0,0.0,0.0,0.0,0.0,0.0
hawbeckereddy,2017,06,03,120008,0.1383405753254292,6.0,8.126205387132425e-06,0.0,0.0,6.0,8.126205387132425e-06,0.0008126205387132424
hawbeckereddy,2017,06,04,120009,0.179226282120526,0.0,0.0,0.0,0.0,0.0,0.0,0.0
hawbeckereddy,2017,06,05,120008,0.1663612898732589,31.0,4.1985394500184194e-05,10.0,1.3543675645220707e-05,31.0,4.1985394500184194e-05,0.0041985394500184195
hawbeckereddy,2017,06,06,120008,0.1934374299738484,15801.0,0.02140036188701324,8450.0,0.011444405920211499,15801.0,0.02140036188701324,2.140036188701324
hawbeckereddy,2017,06,07,120008,0.15917246077044875,6.0,8.126205387132425e-06,7.0,9.480572951654495e-06,10.0,1.3543675645220707e-05,0.0008126205387132424
hawbeckereddy,2017,06,08,120008,0.16401209697681848,0.0,0.0,0.0,0.0,0.0,0.0,0.0
hawbeckereddy,2017,06,09,120009,0.15048730347009917,57.0,7.719895117775803e-05,0.0,0.0,57.0,7.719895117775803e-05,0.007719895117775803
hawbeckereddy,2017,06,10,120009,0.1572086031744652,5.0,6.771837822610354e-06,0.0,0.0,5.0,6.771837822610354e-06,0.0006771837822610354
hawbeckereddy,2017,06,11,120008,0.15144444442596944,96.0,0.0001300192861941188,0.0,0.0,96.0,0.0001300192861941188,0.013001928619411879
hawbeckereddy,2017,06,12,120008,0.16090226262027799,4.0,5.417470258088283e-06,0.0,0.0,4.0,5.417470258088283e-06,0.0005417470258088284
hawbeckereddy,2017,06,13,120008,0.16070270149918317,5.0,6.771837822610354e-06,0.0,0.0,5.0,6.771837822610354e-06,0.0006771837822610354
hawbeckereddy,2017,06,14,120007,0.1564942730414695,1.0,1.3543675645220708e-06,0.0,0.0,1.0,1.3543675645220708e-06,0.0001354367564522071
hawbeckereddy,2017,06,15,120006,0.19396302102138258,0.0,0.0,0.0,0.0,0.0,0.0,0.0
hawbeckereddy,2017,06,16,120006,0.21089337598238478,2.0,2.7087351290441417e-06,0.0,0.0,2.0,2.7087351290441417e-06,0.0002708735129044142
hawbeckereddy,2017,06,17,120008,0.17768544081245286,107.0,0.00014491732940386158,5.0,6.771837822610354e-06,111.0,0.00015033479966194984,0.014491732940386158
hawbeckereddy,2017,06,18,120006,0.1793746196912446,42.0,5.688343770992697e-05,0.0,0.0,42.0,5.688343770992697e-05,0.005688343770992697
hawbeckereddy,2017,06,19,120008,0.19220687623025176,670.0,0.0009074262682297875,131.0,0.00017742215095239126,720.0,0.0009751446464558909,0.09074262682297875
hawbeckereddy,2017,06,20,120008,0.20939315267686023,1378.0,0.0018663185039114135,1041.0,0.0014098966346674756,1666.0,0.00225637636249377,0.18663185039114136
hawbeckereddy,2017,06,21,120008,0.2014532047594543,39.0,5.282033501636076e-05,5.0,6.771837822610354e-06,44.0,5.9592172838971117e-05,0.005282033501636077
hawbeckereddy,2017,06,22,120008,0.2166721526470647,74.0,0.00010022319977463324,21.0,2.8441718854963485e-05,86.0,0.00011647561054889809,0.010022319977463324
hawbeckereddy,2017,06,23,120009,0.2125314216245157,499.0,0.0006758294146965133,62.0,8.397078900036839e-05,529.0,0.0007164604416321754,0.06758294146965133
hawbeckereddy,2017,06,24,120008,0.20060719241438502,4673.0,0.0063289596290116365,2806.0,0.0038003553860489307,5241.0,0.007098240405660173,0.6328959629011637
hawbeckereddy,2017,06,25,120009,0.21103933992820367,3023.0,0.00409425314755022,1413.0,0.001913721368669686,3246.0,0.004396277114438641,0.40942531475502203
hawbeckereddy,2017,06,26,120008,0.20595927769636688,2574.0,0.00348614211107981,1692.0,0.0022915899191713438,3014.0,0.004082063839469521,0.348614211107981
hawbeckereddy,2017,06,27,120008,0.20493702723345636,728.0,0.0009859795869720676,139.0,0.00018825709146856782,768.0,0.0010401542895529504,0.09859795869720676
hawbeckereddy,2017,06,28,120007,0.21357306905665038,1613.0,0.0021845948815741,1045.0,0.0014153141049255639,1913.0,0.0025909051509307216,0.21845948815741
hawbeckereddy,2017,06,29,120009,0.20929999196807572,605.0,0.0008193923765358528,313.0,0.00042391704769540817,738.0,0.0009995232626172882,0.08193923765358528
hawbeckereddy,2017,06,30,120008,0.21991843118779936,85.0,0.00011512124298437601,0.0,0.0,85.0,0.00011512124298437601,0.011512124298437601
hawbeckereddy,2017,07,01,120007,0.23918140372505506,1363.0,0.0018460029904435824,126.0,0.00017065031312978092,1374.0,0.0018609010336533252,0.18460029904435823
hawbeckereddy,2017,07,02,120008,0.2111180909274845,4093.0,0.0055434264415888355,2708.0,0.0036676273647257675,4677.0,0.006334377099269725,0.5543426441588836
hawbeckereddy,2017,07,03,120009,0.213430214455208,2482.0,0.0033615402951437797,612.0,0.0008288729494875073,2540.0,0.0034400936138860596,0.33615402951437795
hawbeckereddy,2017,07,04,120008,0.22646379922407694,511.0,0.0006920818254707782,8.0,1.0834940516176567e-05,519.0,0.0007029167659869547,0.06920818254707782
hawbeckereddy,2017,07,05,120009,0.22397607084089355,594.0,0.0008044943333261101,0.0,0.0,594.0,0.0008044943333261101,0.08044943333261101
hawbeckereddy,2017,07,06,120009,0.23602079261471193,828.0,0.0011214163434242746,124.0,0.00016794157800073677,886.0,0.0011999696621665546,0.11214163434242745
hawbeckereddy,2017,07,07,120009,0.23674441321406275,472.0,0.0006392614904544174,47.0,6.365527553253732e-05,499.0,0.0006758294146965133,0.06392614904544175
hawbeckereddy,2017,07,08,120009,0.22030572123642767,6805.0,0.009216471276572692,1456.0,0.0019719591739441353,6843.0,0.00926793724402453,0.9216471276572692
hawbeckereddy,2017,07,09,120008,0.22426992640726168,7580.0,0.010266106139077297,5327.0,0.007214716016209071,8469.0,0.011470138903937417,0.7214716016209071
hawbeckereddy,2017,07,10,120007,0.23102848993637623,1496.0,0.0020261338765250178,133.0,0.0001801308860814354,1526.0,0.00206676490346068,0.20261338765250178
hawbeckereddy,2017,07,11,120009,0.24980542361039454,2251.0,0.003048681387739181,2089.0,0.0028292738422866057,2912.0,0.0039439183478882705,0.3048681387739181
hawbeckereddy,2017,07,12,120009,0.2556154811566725,762.0,0.001032028084165818,176.0,0.00023836869135588447,839.0,0.0011363143866340174,0.10320280841658179
hawbeckereddy,2017,07,13,120006,0.25396604004584133,2860.0,0.0038734912345331223,792.0,0.0010726591111014801,2938.0,0.003979131904565844,0.38734912345331224
hawbeckereddy,2017,07,14,120009,0.23771705509875413,3510.0,0.004753830151472469,1125.0,0.0015236635100873296,3644.0,0.004935315405118426,0.4753830151472469
hawbeckereddy,2017,07,15,120008,0.2343194913900898,9954.0,0.013481374737252692,6873.0,0.009308568270960193,10856.0,0.0147030142804516,0.9308568270960194
hawbeckereddy,2017,07,16,120009,0.23931744822142148,12999.0,0.0176054239712224,9430.0,0.012771686133443127,14000.0,0.018961145903308992,1.8961145903308991
hawbeckereddy,2017,07,17,120006,0.2504796164947886,14033.0,0.019005840032938218,10993.0,0.014888562636791124,15364.0,0.020808503261317095,2.0808503261317095
hawbeckereddy,2017,07,18,120008,0.2533790421585855,15069.0,0.020408964829783084,12821.0,0.01736434654473747,16953.0,0.022960593321342666,2.2960593321342664
hawbeckereddy,2017,07,19,120007,0.253088708206521,11711.0,0.015860998548117972,9515.0,0.012886807376427504,13002.0,0.017609487073915964,1.7609487073915964
hawbeckereddy,2017,07,20,120008,0.25942889025930327,13367.0,0.01810383123496652,11795.0,0.015974765423537825,15098.0,0.020448241489154223,2.0448241489154224
hawbeckereddy,2017,07,21,120008,0.25719790890648303,6848.0,0.009274709081847141,5329.0,0.007217424751338115,7749.0,0.010494994257481526,0.9274709081847141
hawbeckereddy,2017,07,22,120008,0.25462437561346546,1190.0,0.0016116974017812641,237.0,0.0003209851127917308,1253.0,0.0016970225583461548,0.1611697401781264
hawbeckereddy,2017,07,23,120008,0.2463940699264574,7359.0,0.009966790907317918,5168.0,0.006999371573450062,8089.0,0.010955479229419031,0.9966790907317918
hawbeckereddy,2017,07,24,120008,0.23327178199382648,12952.0,0.01754176869568986,9157.0,0.012401943788328602,13882.0,0.018801330530695385,1.8801330530695386
hawbeckereddy,2017,07,25,120005,0.22996120700170888,4169.0,0.005646358376492513,908.0,0.0012297657485860402,4295.0,0.0058170086896222935,0.5646358376492513
hawbeckereddy,2017,07,26,120007,0.2291723846856197,2891.0,0.0039154766290333065,489.0,0.0006622857390512926,2991.0,0.004050913385485514,0.39154766290333065
hawbeckereddy,2017,07,27,120006,0.22779625142138313,2356.0,0.003190889982013999,428.0,0.0005796693176154463,2479.0,0.0033574771924502135,0.3190889982013999
hawbeckereddy,2017,07,28,120008,0.21903540715361156,1686.0,0.0022834637137842113,47.0,6.365527553253732e-05,1709.0,0.002314614167768219,0.22834637137842112
hawbeckereddy,2017,07,29,120008,0.20425281495607572,2763.0,0.0037421175807744816,311.0,0.000421208312566364,2830.0,0.0038328602075974605,0.37421175807744816
hawbeckereddy,2017,07,30,120008,0.21006159595556045,7286.0,0.009867922075107808,3067.0,0.004153845320389191,7840.0,0.010618241705853034,0.9867922075107808
hawbeckereddy,2017,07,31,120008,0.20428128099029258,8896.0,0.01204845385398834,4237.0,0.005738455370880014,9667.0,0.013092671246234857,0.5738455370880015
hawbeckereddy,2017,08,01,120008,0.20805427568827195,5523.0,0.0074801720588553965,2509.0,0.0033981082193858757,6081.0,0.008235909159858713,0.7480172058855397
hawbeckereddy,2017,08,02,120008,0.2053008204186771,2159.0,0.002924079571803151,266.0,0.0003602617721628708,2260.0,0.00306087069581988,0.2924079571803151
hawbeckereddy,2017,08,03,120008,0.20713332142370824,2147.0,0.002907827161028886,322.0,0.0004361063557761068,2256.0,0.0030554532255617915,0.2907827161028886
hawbeckereddy,2017,08,04,120008,0.199604205495291,6658.0,0.009017379244587948,2394.0,0.0032423559494658373,7075.0,0.009582150518993651,0.9017379244587947
hawbeckereddy,2017,08,05,120008,0.19472341973088503,14412.0,0.019519145339892085,7090.0,0.009602466032461482,15186.0,0.020567425834832165,0.9602466032461482
hawbeckereddy,2017,08,06,120008,0.21058373256439714,1723.0,0.002333575313671528,183.0,0.00024784926430753893,1802.0,0.0024405703512687714,0.23335753136715282
hawbeckereddy,2017,08,07,120008,0.2218273565772615,1700.0,0.0023024248596875204,238.0,0.00032233948035625287,1741.0,0.0023579539298329254,0.23024248596875205
hawbeckereddy,2017,08,08,120006,0.20820273047635704,10554.0,0.014293995275965934,6295.0,0.008525743818666436,11511.0,0.015590125035213556,0.8525743818666436
hawbeckereddy,2017,08,09,120006,0.20286257548075126,6152.0,0.00833206925693978,2797.0,0.003788166077968232,6683.0,0.009051238433700998,0.8332069256939779
hawbeckereddy,2017,08,10,120007,0.20950087189025857,2296.0,0.0031096279281426745,482.0,0.0006528051660996381,2448.0,0.0033154917979500292,0.3109627928142675
hawbeckereddy,2017,08,11,120008,0.1984192955675485,1616.0,0.002188657984267666,43.0,5.823780527444904e-05,1629.0,0.002206264762606453,0.21886579842676662
hawbeckereddy,2017,08,12,120008,0.19367661125143867,2335.0,0.0031624482631590354,146.0,0.00019773766442022234,2372.0,0.003212559863046352,0.31624482631590356
hawbeckereddy,2017,08,13,120008,0.18764744303422748,4814.0,0.0065199254556092484,787.0,0.0010658872732788698,4958.0,0.006714954384900427,0.6519925455609249
hawbeckereddy,2017,08,14,120008,0.2037307527689109,3110.0,0.00421208312566364,542.0,0.0007340672199709624,3171.0,0.004294699547099486,0.42120831256636404
hawbeckereddy,2017,08,15,120008,0.2053831553665356,2211.0,0.0029945066851582987,461.0,0.0006243634472446746,2346.0,0.003177346306368778,0.29945066851582985
hawbeckereddy,2017,08,16,120008,0.19712144715446098,7377.0,0.009991169523479317,3258.0,0.004412529525212906,7879.0,0.010671062040869395,0.9991169523479316
hawbeckereddy,2017,08,17,120007,0.19400152356263461,6855.0,0.009284189654798795,2462.0,0.0033344529438533383,7269.0,0.009844897826510933,0.9284189654798795
hawbeckereddy,2017,08,18,120008,0.20937728352541848,8955.0,0.012128361540295144,3557.0,0.004817485427005006,9095.0,0.012317972999328233,0.4817485427005006
hawbeckereddy,2017,08,19,120007,0.19780544371353265,2204.0,0.002985026112206644,253.0,0.0003426549938240839,2311.0,0.0031299434416105056,0.2985026112206644
hawbeckereddy,2017,08,20,120008,0.17680849254794198,7780.0,0.01053697965198171,1968.0,0.002665395366979435,8068.0,0.010927037510564067,0.2665395366979435
hawbeckereddy,2017,08,21,120008,0.18988444663324652,5345.0,0.007239094632370468,1569.0,0.002125002708735129,5761.0,0.00780251153921165,0.7239094632370469
hawbeckereddy,2017,08,22,120008,0.18587312309326054,5226.0,0.007077924892192342,1958.0,0.0026518516913342145,5556.0,0.007524866188484625,0.7077924892192342
hawbeckereddy,2017,08,23,120009,0.1829417066621152,9472.0,0.012828569571153055,3931.0,0.0053240188961362605,10108.0,0.013689947342189092,0.532401889613626
hawbeckereddy,2017,08,24,120007,0.18460515910095207,2213.0,0.002997215420287343,17.0,2.3024248596875204e-05,2222.0,0.0030094047283680415,0.2997215420287343
hawbeckereddy,2017,08,25,120007,0.17860548814558372,2532.0,0.003429258673369883,29.0,3.927665937114005e-05,2538.0,0.0034373848787570154,0.3429258673369883
hawbeckereddy,2017,08,26,120008,0.18328786177270948,5832.0,0.007898671636292716,2074.0,0.0028089583288187746,6322.0,0.008562311742908531,0.7898671636292716
hawbeckereddy,2017,08,27,120008,0.19235486744265043,1786.0,0.0024189004702364183,156.0,0.00021128134006544305,1867.0,0.002528604242962706,0.24189004702364184
hawbeckereddy,2017,08,28,120008,0.18738291495465262,2622.0,0.0035511517541768696,85.0,0.00011512124298437601,2668.0,0.003613452662144885,0.35511517541768695
hawbeckereddy,2017,08,29,120009,0.18792204980587898,2314.0,0.003134006544304072,15.0,2.031551346783106e-05,2326.0,0.0031502589550783367,0.31340065443040716
hawbeckereddy,2017,08,30,120009,0.17918093083253384,4725.0,0.006399386742366784,603.0,0.0008166836414068086,4906.0,0.006644527271545279,0.6399386742366784
hawbeckereddy,2017,08,31,120009,0.19407983615129296,1522.0,0.0020613474332025917,100.0,0.0001354367564522071,1584.0,0.0021453182222029602,0.20613474332025916
hawbeckereddy,2017,09,01,120008,0.18522557549857768,2066.0,0.0027981233883025984,81.0,0.00010970377272628773,2104.0,0.002849589355754437,0.27981233883025985
hawbeckereddy,2017,09,02,120008,0.20482345542443403,1462.0,0.0019800853793312673,39.0,5.282033501636076e-05,1480.0,0.0020044639954926646,0.19800853793312673
hawbeckereddy,2017,09,03,120008,0.14903225238699117,13074.0,0.017707001538561553,697.0,0.0009439941924718833,13101.0,0.01774356946280365,0.09439941924718834
hawbeckereddy,2017,09,04,120009,0.1835813069070498,3221.0,0.00436241792532559,785.0,0.0010631785381498256,3507.0,0.004749767048778902,0.436241792532559
hawbeckereddy,2017,09,05,120009,0.22935498032049295,1071.0,0.0014505276616031378,141.0,0.00019096582659761197,1125.0,0.0015236635100873296,0.1450527661603138
hawbeckereddy,2017,09,06,120008,0.17889406381657202,2487.0,0.00336831213296639,128.0,0.00017335904825882507,2536.0,0.0034346761436279713,0.336831213296639
hawbeckereddy,2017,09,07,120008,0.1694624296491607,7837.0,0.010614178603159469,2835.0,0.003839632045420071,8400.0,0.011376687541985394,0.3839632045420071
hawbeckereddy,2017,09,08,120008,0.15704939076621205,4174.0,0.005653130214315123,51.0,6.90727457906256e-05,4199.0,0.005686989403428175,0.5653130214315123
hawbeckereddy,2017,09,09,120008,0.15798808985581203,3373.0,0.004568281795132944,0.0,0.0,3373.0,0.004568281795132944,0.4568281795132944
hawbeckereddy,2017,09,10,120009,0.17051899361574596,4758.0,0.006444080871996012,1523.0,0.0020627018007671138,5244.0,0.007102303508353739,0.6444080871996012
hawbeckereddy,2017,09,11,120009,0.17050918446826946,4941.0,0.006691930136303551,1776.0,0.0024053567945911975,5488.0,0.007432769194097124,0.6691930136303551
hawbeckereddy,2017,09,12,120008,0.1794364265452864,2549.0,0.0034522829219667582,910.0,0.0012324744837150844,2892.0,0.003916830996597829,0.34522829219667583
hawbeckereddy,2017,09,13,120007,0.18435202431381298,979.0,0.0013259258456671072,51.0,6.90727457906256e-05,1011.0,0.0013692656077318136,0.13259258456671072
hawbeckereddy,2017,09,14,120008,0.18005842752704662,4733.0,0.006410221682882961,1359.0,0.0018405855201854941,4899.0,0.006635046698593625,0.6410221682882961
hawbeckereddy,2017,09,15,120008,0.17334038610953614,2653.0,0.003593137148677054,1159.0,0.00156971200728108,3057.0,0.004140301644743971,0.3593137148677054
hawbeckereddy,2017,09,16,120008,0.16731590782505928,2765.0,0.0037448263159035257,1051.0,0.0014234403103126963,3182.0,0.0043095975903092295,0.37448263159035255
hawbeckereddy,2017,09,17,120008,0.16385728716757164,3345.0,0.004530359503326327,1609.0,0.002179177411316012,4055.0,0.005491960474136997,0.4530359503326327
hawbeckereddy,2017,09,18,120009,0.1541290691234145,5059.0,0.006851745508917156,2156.0,0.0029200164691095846,5991.0,0.008114016079051725,0.6851745508917156
hawbeckereddy,2017,09,19,120009,0.16546590171284967,1043.0,0.0014126053697965197,86.0,0.00011647561054889809,1081.0,0.0014640713372483585,0.14126053697965196
hawbeckereddy,2017,09,20,120008,0.13425367428761004,10617.0,0.014379320432530825,3710.0,0.005024703664376883,11937.0,0.01616708561769996,0.5024703664376883
hawbeckereddy,2017,09,21,120009,0.1431820784804554,8217.0,0.011128838277677855,5222.0,0.007072507421934254,10037.0,0.013593787245108024,0.7072507421934253
hawbeckereddy,2017,09,22,120008,0.12966982628931784,15920.0,0.021561531627191367,11359.0,0.015384261165406202,19211.0,0.026018755282033502,2.60187552820335
hawbeckereddy,2017,09,23,120008,0.11294648932627736,208.0,0.0002817084534205907,150.0,0.0002031551346783106,267.0,0.0003616161397273929,0.03616161397273929
hawbeckereddy,2017,09,24,120008,0.11571597021939727,108.0,0.00014627169696838365,55.0,7.44902160487139e-05,127.0,0.000172004680694303,0.0172004680694303
hawbeckereddy,2017,09,25,120009,0.11925732620790049,177.0,0.00023972305892040654,151.0,0.00020450950224283268,240.0,0.00032504821548529696,0.0325048215485297
hawbeckereddy,2017,09,26,120008,0.12423903194505988,67.0,9.074262682297874e-05,105.0,0.00014220859427481743,140.0,0.0001896114590330899,0.01896114590330899
hawbeckereddy,2017,09,27,120008,0.12230753216316557,228.0,0.00030879580471103213,224.0,0.00030337833445294384,307.0,0.00041579084230827573,0.041579084230827575
hawbeckereddy,2017,09,28,120008,0.11101923813533486,195.0,0.0002641016750818038,121.0,0.00016387847530717055,259.0,0.0003507811992112163,0.03507811992112163
hawbeckereddy,2017,09,29,120008,0.11185345729459337,5.0,6.771837822610354e-06,8.0,1.0834940516176567e-05,13.0,1.760677833878692e-05,0.001760677833878692
hawbeckereddy,2017,09,30,120009,0.11469332323150709,137.0,0.0001855483563395237,120.0,0.00016252410774264848,197.0,0.00026681041021084796,0.026681041021084796
hawbeckereddy,2017,10,01,120006,0.11151454967646926,108.0,0.00014627169696838365,64.0,8.667952412941253e-05,121.0,0.00016387847530717055,0.016387847530717054
hawbeckereddy,2017,10,02,120008,0.11313808850719848,96.0,0.0001300192861941188,49.0,6.636401066158147e-05,108.0,0.00014627169696838365,0.014627169696838365
hawbeckereddy,2017,10,03,120008,0.11438305045341839,148.0,0.0002004463995492665,132.0,0.00017877651851691334,180.0,0.00024378616161397273,0.024378616161397273
hawbeckereddy,2017,10,04,120009,0.11480212427601263,132.0,0.00017877651851691334,98.0,0.00013272802132316294,159.0,0.00021534444275900924,0.021534444275900923
hawbeckereddy,2017,10,05,120006,0.12383704340963543,84.0,0.00011376687541985394,113.0,0.000153043534790994,149.0,0.00020180076711378853,0.020180076711378853
hawbeckereddy,2017,10,06,120007,0.13345321570408936,74.0,0.00010022319977463324,115.0,0.00015575226992003814,149.0,0.00020180076711378853,0.010022319977463324
hawbeckereddy,2017,10,07,120009,0.12158880345151611,0.0,0.0,0.0,0.0,0.0,0.0,0.0
hawbeckereddy,2017,10,08,120008,0.1284761602790591,789.0,0.001068596008407914,762.0,0.001032028084165818,1132.0,0.001533144083038984,0.15331440830389842
hawbeckereddy,2017,10,09,120008,0.13519413485736947,1072.0,0.0014518820291676599,516.0,0.0006988536632933886,1242.0,0.001682124515136412,0.14518820291676598
hawbeckereddy,2017,10,10,120008,0.12119221803746608,601.0,0.0008139749062777645,114.0,0.00015439790235551607,625.0,0.0008464797278262943,0.08464797278262942
hawbeckereddy,2017,10,11,120008,0.11610644054424249,1210.0,0.0016387847530717056,485.0,0.0006568682687932043,1369.0,0.0018541291958307149,0.1854129195830715
hawbeckereddy,2017,10,12,120008,0.1380407946095779,418.0,0.0005661256419702256,254.0,0.000344009361388606,548.0,0.0007421934253580948,0.056612564197022555
hawbeckereddy,2017,10,13,120008,0.1437806315194433,605.0,0.0008193923765358528,333.0,0.0004510043989858496,748.0,0.0010130669382625089,0.08193923765358528
hawbeckereddy,2017,10,14,120009,0.15940591937679802,386.0,0.0005227858799055193,241.0,0.00032640258304981903,502.0,0.0006798925173900795,0.052278587990551934
hawbeckereddy,2017,10,17,120010,0.14785222349854482,329.0,0.0004455869287277613,168.0,0.00022753375083970788,372.0,0.0005038247340022103,0.044558692872776126
hawbeckereddy,2017,10,18,120009,0.15246171137544665,256.0,0.00034671809651765014,150.0,0.0002031551346783106,285.0,0.00038599475588879016,0.034671809651765015
hawbeckereddy,2017,10,19,120008,0.15466649505228902,244.0,0.00033046568574338525,124.0,0.00016794157800073677,290.0,0.00039276659371140053,0.033046568574338527
hawbeckereddy,2017,10,20,120009,0.1548358450500064,323.0,0.00043746072334062885,187.0,0.0002532667345656272,367.0,0.0004970528961795999,0.043746072334062885
hawbeckereddy,2017,10,21,120007,0.1711606323703653,157.0,0.00021263570762996512,90.0,0.00012189308080698637,184.0,0.000249203631872061,0.021263570762996512
hawbeckereddy,2017,10,22,120008,0.170295501984813,143.0,0.00019367456172665612,76.0,0.00010293193490367738,165.0,0.00022347064814614168,0.019367456172665613
hawbeckereddy,2017,10,23,120008,0.19495415142115058,35.0,4.7402864758272474e-05,28.0,3.792229180661798e-05,45.0,6.094654040349318e-05,0.004740286475827247
hawbeckereddy,2017,10,24,120008,0.2018877668796547,258.0,0.0003494268316466943,98.0,0.00013272802132316294,277.0,0.00037515981537261363,0.034942683164669426
hawbeckereddy,2017,10,25,120007,0.19560807766567478,543.0,0.0007354215875354844,244.0,0.00033046568574338525,622.0,0.000842416625132728,0.07354215875354844
hawbeckereddy,2017,10,26,120009,0.18556308927717588,680.0,0.0009209699438750081,460.0,0.0006230090796801526,820.0,0.001110581402908098,0.09209699438750081
hawbeckereddy,2017,10,27,120008,0.17236747442012806,821.0,0.00111193577047262,414.0,0.0005607081717121373,907.0,0.0012284113810215182,0.111193577047262
hawbeckereddy,2017,10,28,120008,0.18857357209416997,560.0,0.0007584458361323596,372.0,0.0005038247340022103,668.0,0.0009047175331007433,0.07584458361323596
hawbeckereddy,2017,10,29,120008,0.20979948886899366,78.0,0.00010564067003272152,36.0,4.875723232279455e-05,94.0,0.00012731055106507465,0.010564067003272153
hawbeckereddy,2017,10,30,120008,0.17509177893848638,1347.0,0.0018243331094112292,554.0,0.0007503196307452273,1467.0,0.0019868572171538776,0.18243331094112292
hawbeckereddy,2017,10,31,120008,0.20054290529607846,755.0,0.0010225475112141634,324.0,0.0004388150909051509,823.0,0.0011146445056016642,0.10225475112141634
hawbeckereddy,2017,11,01,120008,0.21187155103398672,152.0,0.00020586386980735475,64.0,8.667952412941253e-05,186.0,0.00025191236700110515,0.020586386980735477
hawbeckereddy,2017,11,02,120009,0.21620571358482452,369.0,0.0004997616313086441,210.0,0.00028441718854963486,438.0,0.000593212993260667,0.04997616313086441
hawbeckereddy,2017,11,03,120009,0.2297271704548158,84.0,0.00011376687541985394,46.0,6.230090796801525e-05,105.0,0.00014220859427481743,0.011376687541985394
hawbeckereddy,2017,11,04,120009,0.21379395425703115,434.0,0.0005877955230025788,195.0,0.0002641016750818038,489.0,0.0006622857390512926,0.05877955230025787
hawbeckereddy,2017,11,05,120008,0.21775192947506578,78.0,0.00010564067003272152,44.0,5.9592172838971117e-05,97.0,0.00013137365375864087,0.010564067003272153
hawbeckereddy,2017,11,06,120007,0.2228374117646885,40.0,5.417470258088283e-05,26.0,3.521355667757384e-05,50.0,6.771837822610354e-05,0.005417470258088283
hawbeckereddy,2017,11,07,120008,0.21546721756097784,21.0,2.8441718854963485e-05,4.0,5.417470258088283e-06,22.0,2.9796086419485558e-05,0.0028441718854963485
hawbeckereddy,2017,11,08,120006,0.18367735376283134,1122.0,0.0015196004073937633,408.0,0.0005525819663250048,1196.0,0.0016198236071683966,0.15196004073937633
hawbeckereddy,2017,11,09,120007,0.20519767878259076,459.0,0.0006216547121156305,172.0,0.00023295122109779617,494.0,0.000669057576873903,0.062165471211563045
hawbeckereddy,2017,11,14,120009,0.19969074784482552,979.0,0.0013259258456671072,437.0,0.000591858625696145,1072.0,0.0014518820291676599,0.13259258456671072
hawbeckereddy,2017,11,15,120006,0.19375147010810598,761.0,0.0010306737166012958,363.0,0.0004916354259215117,856.0,0.0011593386352308926,0.10306737166012958
hawbeckereddy,2017,11,16,120008,0.1843128485876371,1489.0,0.0020166533035733633,655.0,0.0008871107547619564,1622.0,0.0021967841896547986,0.20166533035733633
hawbeckereddy,2017,11,17,120005,0.17507260963660135,903.0,0.0012229939107634299,317.0,0.0004293345179534964,944.0,0.0012785229809088349,0.12229939107634298
hawbeckereddy,2017,11,18,120008,0.19575513206085343,40.0,5.417470258088283e-05,8.0,1.0834940516176567e-05,43.0,5.823780527444904e-05,0.005417470258088283
hawbeckereddy,2017,11,19,120007,0.2000399965767876,190.0,0.00025732983725919344,94.0,0.00012731055106507465,216.0,0.0002925433939367673,0.025732983725919343
hawbeckereddy,2017,11,20,120007,0.1797132078156557,1101.0,0.0014911586885388,507.0,0.0006866643552126899,1204.0,0.0016306585476845731,0.14911586885388
hawbeckereddy,2017,11,21,120008,0.17289640926442754,1009.0,0.0013665568726027694,420.0,0.0005688343770992697,1102.0,0.001492513056103322,0.13665568726027694
hawbeckereddy,2017,11,22,120008,0.18268161190377408,1652.0,0.002237415216590461,562.0,0.0007611545712614037,1726.0,0.0023376384163650943,0.2237415216590461
hawbeckereddy,2017,11,23,120008,0.1864381841493807,530.0,0.0007178148091966975,251.0,0.00033994625869503977,574.0,0.0007774069820356686,0.07178148091966975
hawbeckereddy,2017,11,24,120008,0.1652664739260014,1125.0,0.0015236635100873296,444.0,0.0006013391986477994,1202.0,0.001627949812555529,0.15236635100873294
hawbeckereddy,2017,11,25,120009,0.1891388443250587,514.0,0.0006961449281643444,242.0,0.0003277569506143411,570.0,0.0007719895117775803,0.06961449281643445
hawbeckereddy,2017,11,26,120008,0.18358177473204443,773.0,0.0010469261273755607,315.0,0.0004266257828244523,844.0,0.0011430862244566277,0.10469261273755608
hawbeckereddy,2017,11,27,120008,0.1671158685112893,957.0,0.0012961297592476218,396.0,0.0005363295555507401,1042.0,0.0014112510022319977,0.12961297592476217
hawbeckereddy,2017,11,28,120008,0.16621324126305095,1063.0,0.0014396927210869612,468.0,0.0006338440201963291,1159.0,0.00156971200728108,0.14396927210869612
hawbeckereddy,2017,11,29,120008,0.16440914167046358,651.0,0.0008816932845038681,239.0,0.00032369384792077494,702.0,0.0009507660302944937,0.0881693284503868
hawbeckereddy,2017,11,30,120008,0.18362559472738957,423.0,0.0005728974797928359,205.0,0.0002776453507270245,487.0,0.0006595770039222484,0.057289747979283594
hawbeckereddy,2017,12,01,120009,0.138149921525242,4709.0,0.006377716861334431,871.0,0.0011796541486987237,4813.0,0.006518571088044727,0.6377716861334431
hawbeckereddy,2017,12,02,120009,0.18928278386299524,540.0,0.0007313584848419182,255.0,0.00034536372895312806,599.0,0.0008112661711487204,0.07313584848419183
hawbeckereddy,2017,12,03,120008,0.17103355743494283,601.0,0.0008139749062777645,240.0,0.00032504821548529696,663.0,0.000897945695278133,0.08139749062777644
hawbeckereddy,2017,12,04,120008,0.18549003905882264,686.0,0.0009290961492621405,400.0,0.0005417470258088284,795.0,0.0010767222137950463,0.09290961492621405
hawbeckereddy,2017,12,05,120008,0.1763702549823844,33.0,4.4694129629228334e-05,24.0,3.25048215485297e-05,46.0,6.230090796801525e-05,0.004469412962922833
hawbeckereddy,2017,12,06,120008,0.1487218354204496,2521.0,0.0034143606301601406,872.0,0.0011810085162632458,2671.0,0.0036175157648384512,0.34143606301601404
hawbeckereddy,2017,12,07,120008,0.1658046134088747,1516.0,0.0020532212278154592,450.0,0.0006094654040349318,1593.0,0.002157507530283659,0.20532212278154593
hawbeckereddy,2017,12,08,120008,0.165416800890783,1076.0,0.0014572994994257482,496.0,0.0006717663120029471,1177.0,0.0015940906234424774,0.14572994994257482
hawbeckereddy,2017,12,09,120008,0.16023608582663174,1149.0,0.0015561683316358593,418.0,0.0005661256419702256,1234.0,0.0016712895746202354,0.15561683316358593
hawbeckereddy,2017,12,10,120006,0.17562370134269403,623.0,0.0008437709926972501,416.0,0.0005634169068411814,740.0,0.0010022319977463323,0.08437709926972502
hawbeckereddy,2017,12,11,123006,0.16705732819372757,1325.0,0.0017945370229917438,681.0,0.0009223243114395302,1464.0,0.0019827941144603114,0.17945370229917437
hawbeckereddy,2017,12,13,120007,0.14951526807096466,2317.0,0.003138069646997638,1119.0,0.0015155373047001971,2547.0,0.003449574186837714,0.3138069646997638
hawbeckereddy,2017,12,14,120007,0.0007942546928498372,736348.0,0.9972858474006978,473.0,0.0006406158580189395,736360.0,0.997302099811472,99.7302099811472
hawbeckereddy,2017,12,15,120008,-0.00040523196034694,737802.0,0.9992550978395128,719260.0,0.9741424144581446,737833.0,0.999297083234013,99.9297083234013
hawbeckereddy,2017,12,18,120007,0.04834605087511862,390146.0,0.5284010878280279,122576.0,0.16601295858885734,390177.0,0.528443073222528,52.8443073222528
hawbeckereddy,2017,12,19,120006,0.15415155250280577,2046.0,0.002771036037012157,787.0,0.0010658872732788698,2180.0,0.0029525212906581144,0.2771036037012157
hawbeckereddy,2017,12,20,120006,0.1514316768989159,1895.0,0.0025665265347693243,760.0,0.0010293193490367738,2033.0,0.00275342925867337,0.25665265347693245
hawbeckereddy,2017,12,21,120007,0.15384406624082408,2139.0,0.0028969922205127094,984.0,0.0013326976834897176,2337.0,0.0031651569982880795,0.2896992220512709
hawbeckereddy,2017,12,24,120009,0.16552473063868473,794.0,0.0010753678462305243,320.0,0.00043339762064706263,860.0,0.001164756105488981,0.10753678462305243
hawbeckereddy,2017,12,25,120007,0.025477134985314016,505542.0,0.6846896873036167,3567.0,0.0048310291026502266,505571.0,0.6847289639629879,68.4728963962988
hawbeckereddy,2017,12,26,120007,0.0396981622380247,277442.0,0.3757584458361324,23160.0,0.03136715279433116,277496.0,0.37583158168461656,37.58315816846166
hawbeckereddy,2017,12,27,120007,0.04266619101940176,247470.0,0.33516534119227687,43730.0,0.059226493596550155,247659.0,0.3354213166619715,33.54213166619715
hawbeckereddy,2017,12,28,120006,0.0064693698577300935,395432.0,0.5355602747740915,74272.0,0.10059158775218324,401965.0,0.5444083580731142,54.440835807311416
hawbeckereddy,2017,12,29,120006,0.02637958112788211,354908.0,0.4806758835893991,59566.0,0.08067425834832166,355128.0,0.4809738444535939,48.097384445359395
hawbeckereddy,2017,12,31,113006,-0.0017678593397995083,737704.0,0.9991223698181897,623695.0,0.8447122781545929,737708.0,0.9991277872884478,99.91277872884477
