file,site,year,month,day,time,GBCC,GBCC_r,GCC,fog
hawbeckereddy_2015_09_24_120006.jpg,hawbeckereddy,2015,09,24,120006,0.238479558971121,1.4898043209742779e-05,0.4377867610554035,0.0
hawbeckereddy_2015_09_25_120008.jpg,hawbeckereddy,2015,09,25,120008,0.27937418910365897,3.1150453984007625e-05,0.4551055876075905,0.0
hawbeckereddy_2015_09_26_120008.jpg,hawbeckereddy,2015,09,26,120008,0.25407080537772764,2.5732983725919344e-05,0.44193647554428406,0.0
hawbeckereddy_2015_09_27_120008.jpg,hawbeckereddy,2015,09,27,120008,0.2507191873843193,0.0,0.4438468518147864,0.0
hawbeckereddy_2015_09_28_120008.jpg,hawbeckereddy,2015,09,28,120008,0.24928336499189085,1.3543675645220708e-06,0.44719731362011006,0.0
hawbeckereddy_2015_09_29_120007.jpg,hawbeckereddy,2015,09,29,120007,0.2528002763380578,1.896114590330899e-05,0.4499142981259831,0.0
hawbeckereddy_2015_09_30_120007.jpg,hawbeckereddy,2015,09,30,120007,0.21339333280915623,0.0,0.43316025009736286,0.0
hawbeckereddy_2015_10_01_120009.jpg,hawbeckereddy,2015,10,01,120009,0.23760580235346515,0.0,0.4415928814408018,0.0
hawbeckereddy_2015_10_05_120007.jpg,hawbeckereddy,2015,10,05,120007,0.23320204465214267,0.0,0.4313301931920556,0.0
hawbeckereddy_2015_10_06_120005.jpg,hawbeckereddy,2015,10,06,120005,0.23846675001248557,2.7087351290441417e-06,0.43058596906308794,0.0
hawbeckereddy_2015_10_07_120008.jpg,hawbeckereddy,2015,10,07,120008,0.24746560124692302,0.0,0.4351148196024384,0.0
hawbeckereddy_2015_10_08_120007.jpg,hawbeckereddy,2015,10,08,120007,0.22412534659147712,9.480572951654495e-06,0.4240314640554587,0.0
hawbeckereddy_2015_10_09_120008.jpg,hawbeckereddy,2015,10,09,120008,0.24815880028497916,0.0,0.44804049275749036,0.0
hawbeckereddy_2015_10_10_120008.jpg,hawbeckereddy,2015,10,10,120008,0.20908508224191227,2.3024248596875204e-05,0.41951257794182767,0.0
hawbeckereddy_2015_10_11_120008.jpg,hawbeckereddy,2015,10,11,120008,0.2146488377703004,6.90727457906256e-05,0.419048572024699,0.0
hawbeckereddy_2015_10_12_120009.jpg,hawbeckereddy,2015,10,12,120009,0.16710564530065228,0.0,0.3766674415298735,0.0
hawbeckereddy_2015_10_13_120008.jpg,hawbeckereddy,2015,10,13,120008,0.18487923754030056,3.656792424209591e-05,0.3840624888284246,0.0
hawbeckereddy_2015_10_14_120008.jpg,hawbeckereddy,2015,10,14,120008,0.17025608659418473,0.0,0.37643095262375253,0.0
hawbeckereddy_2015_10_15_120008.jpg,hawbeckereddy,2015,10,15,120008,0.16442772564127886,0.0,0.36601293356321085,0.0
hawbeckereddy_2015_10_16_120008.jpg,hawbeckereddy,2015,10,16,120008,0.17586138857946568,0.0,0.3730733713380128,0.0
hawbeckereddy_2015_10_17_120008.jpg,hawbeckereddy,2015,10,17,120008,0.18027106984630514,0.0,0.3711178019165905,0.0
hawbeckereddy_2015_10_18_120005.jpg,hawbeckereddy,2015,10,18,120005,0.1583859428315972,0.0,0.36384146904551884,0.0
hawbeckereddy_2015_10_19_120008.jpg,hawbeckereddy,2015,10,19,120008,0.1516714968784575,0.0,0.3549363576771514,0.0
hawbeckereddy_2015_10_20_120007.jpg,hawbeckereddy,2015,10,20,120007,0.15860517225951895,0.0,0.3575311042642532,0.0
hawbeckereddy_2015_10_21_120008.jpg,hawbeckereddy,2015,10,21,120008,0.1600984627728128,0.0,0.3564006558895474,0.0
hawbeckereddy_2015_10_22_120007.jpg,hawbeckereddy,2015,10,22,120007,0.17562001169927854,0.0,0.36285432760662456,0.0
hawbeckereddy_2015_10_23_120006.jpg,hawbeckereddy,2015,10,23,120006,0.15720502551073928,0.0,0.3566615133981654,0.0
hawbeckereddy_2015_10_24_120008.jpg,hawbeckereddy,2015,10,24,120008,0.17201984223672404,0.0,0.3610417795225373,0.0
hawbeckereddy_2015_10_25_120007.jpg,hawbeckereddy,2015,10,25,120007,0.1674725776469634,0.0,0.36381030155637606,0.0
hawbeckereddy_2015_10_27_130005.jpg,hawbeckereddy,2015,10,27,130005,0.17327454534059222,0.0,0.36050669872224433,0.0
hawbeckereddy_2015_10_29_120008.jpg,hawbeckereddy,2015,10,29,120008,0.19246269986185596,4.604849719375041e-05,0.37315684050638337,0.0
hawbeckereddy_2015_10_30_120008.jpg,hawbeckereddy,2015,10,30,120008,0.1868426596070661,0.0,0.36712551648758834,0.0
hawbeckereddy_2015_10_31_120008.jpg,hawbeckereddy,2015,10,31,120008,0.1854998149905891,0.0,0.36637637069506573,0.0
hawbeckereddy_2015_11_01_120008.jpg,hawbeckereddy,2015,11,01,120008,0.16474867077549143,0.0,0.3634867656093979,0.0
hawbeckereddy_2015_11_02_120007.jpg,hawbeckereddy,2015,11,02,120007,0.16901587057840434,2.7087351290441417e-06,0.35793839162647495,0.0
hawbeckereddy_2015_11_03_120008.jpg,hawbeckereddy,2015,11,03,120008,0.170778520639301,2.5732983725919344e-05,0.3579214791088252,0.0
hawbeckereddy_2015_11_04_120008.jpg,hawbeckereddy,2015,11,04,120008,0.17044530071782676,1.4898043209742779e-05,0.35860648209162277,0.0
hawbeckereddy_2015_11_05_120008.jpg,hawbeckereddy,2015,11,05,120008,0.1725539337411052,2.7087351290441414e-05,0.3609842814046588,0.0
hawbeckereddy_2015_11_06_120008.jpg,hawbeckereddy,2015,11,06,120008,0.19696463579268217,0.0,0.3730292488154129,0.0
hawbeckereddy_2015_11_07_120007.jpg,hawbeckereddy,2015,11,07,120007,0.1848972974369505,0.0,0.3746794945797894,0.0
hawbeckereddy_2015_11_08_120005.jpg,hawbeckereddy,2015,11,08,120005,0.17842320704885306,0.00039682969640496675,0.36582994082247916,0.0
hawbeckereddy_2015_11_09_120007.jpg,hawbeckereddy,2015,11,09,120007,0.17201076162576898,7.178148091966975e-05,0.3588346949912695,0.0
hawbeckereddy_2015_11_10_120008.jpg,hawbeckereddy,2015,11,10,120008,0.19783390676340953,0.0,0.37700257782944446,0.0
hawbeckereddy_2015_11_11_120008.jpg,hawbeckereddy,2015,11,11,120008,0.18392261757274958,0.0,0.3748724927259483,0.0
hawbeckereddy_2015_11_12_120008.jpg,hawbeckereddy,2015,11,12,120008,0.18950396237369263,0.0,0.3753966604153849,0.0
hawbeckereddy_2015_11_13_120008.jpg,hawbeckereddy,2015,11,13,120008,0.18257821305237035,0.0,0.3775087475990715,0.0
hawbeckereddy_2015_11_14_120006.jpg,hawbeckereddy,2015,11,14,120006,0.18636789377849966,1.3543675645220708e-06,0.37485193898953134,0.0
hawbeckereddy_2015_11_15_120008.jpg,hawbeckereddy,2015,11,15,120008,0.17391274682344288,9.480572951654495e-05,0.364179824623691,0.0
hawbeckereddy_2015_11_16_120008.jpg,hawbeckereddy,2015,11,16,120008,0.17400712228845905,4.4694129629228334e-05,0.36572614343328935,0.0
hawbeckereddy_2015_11_17_120008.jpg,hawbeckereddy,2015,11,17,120008,0.17937429507351088,6.365527553253732e-05,0.36486397304828583,0.0
hawbeckereddy_2015_11_18_120007.jpg,hawbeckereddy,2015,11,18,120007,0.1833483385087571,1.3543675645220708e-06,0.37721332190151785,0.0
hawbeckereddy_2015_11_19_120007.jpg,hawbeckereddy,2015,11,19,120007,0.184818201441702,6.771837822610354e-06,0.37743548159632895,0.0
hawbeckereddy_2015_11_20_120008.jpg,hawbeckereddy,2015,11,20,120008,0.16667363364181434,0.00019367456172665612,0.3636567336453813,0.0
hawbeckereddy_2015_11_21_120007.jpg,hawbeckereddy,2015,11,21,120007,0.17541247552847283,0.00010564067003272152,0.3628962764574813,0.0
hawbeckereddy_2015_11_22_120008.jpg,hawbeckereddy,2015,11,22,120008,0.18849818069071572,0.0,0.3757099131543901,0.0
hawbeckereddy_2015_11_23_120007.jpg,hawbeckereddy,2015,11,23,120007,0.1438723365717215,0.0,0.35524800734471,0.0
hawbeckereddy_2015_11_24_120007.jpg,hawbeckereddy,2015,11,24,120007,0.1781274269710127,2.4378616161397274e-05,0.358106792749139,0.0
hawbeckereddy_2015_11_25_120008.jpg,hawbeckereddy,2015,11,25,120008,0.16479188655819682,0.00011241250785533188,0.3553517519903164,0.0
hawbeckereddy_2015_11_26_120008.jpg,hawbeckereddy,2015,11,26,120008,0.19237392768440828,1.3543675645220708e-06,0.36988691639748333,0.0
hawbeckereddy_2015_11_27_120007.jpg,hawbeckereddy,2015,11,27,120007,0.1899102221138781,0.0,0.37247084543584646,0.0
hawbeckereddy_2015_11_28_120007.jpg,hawbeckereddy,2015,11,28,120007,0.1693989823519302,5.417470258088283e-06,0.37511679388190045,0.0
hawbeckereddy_2015_11_29_120008.jpg,hawbeckereddy,2015,11,29,120008,0.1704794870690747,0.00013949985914577328,0.3631443837890143,0.0
hawbeckereddy_2015_11_30_120008.jpg,hawbeckereddy,2015,11,30,120008,0.18373468478027033,0.0,0.3702384875546864,0.0
hawbeckereddy_2015_12_01_120008.jpg,hawbeckereddy,2015,12,01,120008,0.1902388184980204,0.0,0.37654747877564543,0.0
hawbeckereddy_2015_12_02_120007.jpg,hawbeckereddy,2015,12,02,120007,0.19046459218312503,0.0,0.3811300041612546,0.0
hawbeckereddy_2015_12_03_120008.jpg,hawbeckereddy,2015,12,03,120008,0.17213990352441416,0.0,0.3737717666775333,0.0
hawbeckereddy_2015_12_08_120008.jpg,hawbeckereddy,2015,12,08,120008,0.1765993083302353,0.0001896114590330899,0.36797436843922293,0.0
hawbeckereddy_2015_12_09_120008.jpg,hawbeckereddy,2015,12,09,120008,0.190402571278053,2.7087351290441417e-06,0.3714592630488117,0.0
hawbeckereddy_2015_12_10_120008.jpg,hawbeckereddy,2015,12,10,120008,0.1754734919462092,0.0002370143237913624,0.3636773919101164,0.0
hawbeckereddy_2015_12_11_120008.jpg,hawbeckereddy,2015,12,11,120008,0.1796772435262664,0.0,0.3706921746031021,0.0
hawbeckereddy_2015_12_12_120007.jpg,hawbeckereddy,2015,12,12,120007,0.18472570488986342,0.0,0.37334950184340565,0.0
hawbeckereddy_2015_12_15_120005.jpg,hawbeckereddy,2015,12,15,120005,0.16602763051978944,1.0834940516176567e-05,0.3755806579997178,0.0
hawbeckereddy_2015_12_17_120007.jpg,hawbeckereddy,2015,12,17,120007,0.1826627073647668,0.0,0.3815406935264367,0.0
hawbeckereddy_2015_12_18_120009.jpg,hawbeckereddy,2015,12,18,120009,0.1578468517961464,1.3543675645220708e-06,0.37146463727816964,0.0
hawbeckereddy_2015_12_19_120007.jpg,hawbeckereddy,2015,12,19,120007,0.15789001234725208,2.7087351290441417e-06,0.364584744934617,0.0
hawbeckereddy_2015_12_20_120008.jpg,hawbeckereddy,2015,12,20,120008,0.16114282682922357,0.00012324744837150845,0.35178111436967757,0.0
hawbeckereddy_2015_12_21_120008.jpg,hawbeckereddy,2015,12,21,120008,0.16678515722357592,1.3543675645220708e-06,0.3632216837403044,0.0
hawbeckereddy_2015_12_22_120006.jpg,hawbeckereddy,2015,12,22,120006,0.1777455404254277,0.0,0.3727143940367306,0.0
hawbeckereddy_2015_12_23_120009.jpg,hawbeckereddy,2015,12,23,120009,0.17373974974073553,0.0,0.3799948884664499,0.0
hawbeckereddy_2015_12_24_120007.jpg,hawbeckereddy,2015,12,24,120007,0.18177688797755442,4.063102693566212e-06,0.3732906154313218,0.0
hawbeckereddy_2015_12_25_120008.jpg,hawbeckereddy,2015,12,25,120008,0.17313082708676789,0.0,0.37302970753829134,0.0
hawbeckereddy_2015_12_26_120005.jpg,hawbeckereddy,2015,12,26,120005,0.16132425106740145,0.0,0.3753242870572644,0.0
hawbeckereddy_2015_12_27_120007.jpg,hawbeckereddy,2015,12,27,120007,0.18434730104424157,2.4378616161397274e-05,0.3786507972772221,0.0
hawbeckereddy_2015_12_28_120007.jpg,hawbeckereddy,2015,12,28,120007,0.16012623560741351,0.0,0.3700166484640648,0.0
hawbeckereddy_2015_12_29_120006.jpg,hawbeckereddy,2015,12,29,120006,0.1755963989279113,0.0,0.3750388453359475,0.0
hawbeckereddy_2015_12_30_120007.jpg,hawbeckereddy,2015,12,30,120007,0.1644562591731938,0.0,0.37439066274943716,0.0
hawbeckereddy_2016_01_04_120007.jpg,hawbeckereddy,2016,01,04,120007,0.14554616777105692,8.667952412941253e-05,0.34732853896114063,0.0
hawbeckereddy_2016_01_05_120008.jpg,hawbeckereddy,2016,01,05,120008,0.14065653764841526,0.00013408238888768502,0.34400107185236783,0.0
hawbeckereddy_2016_01_06_120008.jpg,hawbeckereddy,2016,01,06,120008,0.14095885846819317,0.00013949985914577328,0.341684079205706,0.0
hawbeckereddy_2016_01_07_120007.jpg,hawbeckereddy,2016,01,07,120007,0.1421433133342564,0.0001015775673391553,0.33976871577627343,0.0
hawbeckereddy_2016_01_08_120007.jpg,hawbeckereddy,2016,01,08,120007,0.14832299471936125,0.0,0.34350313790690645,0.0
hawbeckereddy_2016_01_09_120007.jpg,hawbeckereddy,2016,01,09,120007,0.1533594901460748,0.0,0.34882558050690504,0.0
hawbeckereddy_2016_01_10_120008.jpg,hawbeckereddy,2016,01,10,120008,0.17051862905449655,0.0,0.35756636924623436,0.0
hawbeckereddy_2016_01_11_120007.jpg,hawbeckereddy,2016,01,11,120007,0.13012699468995004,0.0,0.3470713445808098,0.0
hawbeckereddy_2016_01_12_120006.jpg,hawbeckereddy,2016,01,12,120006,0.003955125707028105,0.3032577957397014,0.33929825767773164,0.0
hawbeckereddy_2016_01_13_120008.jpg,hawbeckereddy,2016,01,13,120008,0.015273871597865528,0.07062891412226147,0.3385488352311709,0.0
hawbeckereddy_2016_01_14_120007.jpg,hawbeckereddy,2016,01,14,120007,0.007447812462350942,0.1077074349361822,0.34072729784858313,0.0
hawbeckereddy_2016_01_15_120006.jpg,hawbeckereddy,2016,01,15,120006,0.08457960174603897,0.047001971959173945,0.3369573413183211,0.0
hawbeckereddy_2016_01_16_120007.jpg,hawbeckereddy,2016,01,16,120007,0.15174514263570943,0.00022347064814614168,0.3506203778028343,0.0
hawbeckereddy_2016_01_17_120007.jpg,hawbeckereddy,2016,01,17,120007,0.13006958740603916,7.44902160487139e-05,0.3473361538774083,0.0
hawbeckereddy_2016_01_18_120007.jpg,hawbeckereddy,2016,01,18,120007,0.027178369837487625,0.12306596311786248,0.3396777007530727,0.0
hawbeckereddy_2016_01_19_120006.jpg,hawbeckereddy,2016,01,19,120006,0.040204767405385644,0.129171452098728,0.3373390203874994,0.0
hawbeckereddy_2016_01_20_120008.jpg,hawbeckereddy,2016,01,20,120008,0.11030020602085029,0.0031312978091750277,0.3400999516899537,0.0
hawbeckereddy_2016_01_21_120007.jpg,hawbeckereddy,2016,01,21,120007,0.03567440986967633,0.05384694563026849,0.3394911654775006,0.0
hawbeckereddy_2016_01_22_120009.jpg,hawbeckereddy,2016,01,22,120009,0.043569115462907954,0.06082329295512168,0.33710669719878644,0.0
hawbeckereddy_2016_01_23_120008.jpg,hawbeckereddy,2016,01,23,120008,-0.0077374723532335436,0.9041459899885149,0.3378622184456439,0.0
hawbeckereddy_2016_01_24_120008.jpg,hawbeckereddy,2016,01,24,120008,0.01861938409765334,0.00021128134006544305,0.3405635610038965,0.0
hawbeckereddy_2016_01_25_120008.jpg,hawbeckereddy,2016,01,25,120008,0.01743212965425146,0.0010049407328753764,0.34175408612338154,0.0
hawbeckereddy_2016_01_26_120008.jpg,hawbeckereddy,2016,01,26,120008,0.0037236935323664575,0.15917204802045637,0.3412179881188683,0.0
hawbeckereddy_2016_01_27_120008.jpg,hawbeckereddy,2016,01,27,120008,0.05032562925405243,0.047499024855353546,0.3395814711727693,0.0
hawbeckereddy_2016_01_28_120007.jpg,hawbeckereddy,2016,01,28,120007,0.04205093482105474,0.11877261793832752,0.3370987305054347,0.0
hawbeckereddy_2016_01_29_120005.jpg,hawbeckereddy,2016,01,29,120005,0.020959158733062942,0.14643286670856176,0.3375046391304781,0.0
hawbeckereddy_2016_01_30_120008.jpg,hawbeckereddy,2016,01,30,120008,0.08365308409053676,0.01939318915639153,0.3372846384630527,0.0
hawbeckereddy_2016_01_31_120008.jpg,hawbeckereddy,2016,01,31,120008,0.13948376456340916,0.0005647712744057035,0.3337035366187928,0.0
hawbeckereddy_2016_02_01_120007.jpg,hawbeckereddy,2016,02,01,120007,0.15980383171459328,0.0,0.3357629241705779,0.0
hawbeckereddy_2016_02_02_120007.jpg,hawbeckereddy,2016,02,02,120007,0.14564553685661186,6.771837822610354e-06,0.3341636185278736,0.0
hawbeckereddy_2016_02_03_120005.jpg,hawbeckereddy,2016,02,03,120005,0.1405628765324749,0.0,0.34150745766128876,0.0
hawbeckereddy_2016_02_04_120007.jpg,hawbeckereddy,2016,02,04,120007,0.12807200364132396,0.0,0.33878340802731194,0.0
hawbeckereddy_2016_02_05_120008.jpg,hawbeckereddy,2016,02,05,120008,0.13311946646064607,0.0,0.3359112254475433,0.0
hawbeckereddy_2016_02_07_120007.jpg,hawbeckereddy,2016,02,07,120007,0.14056350074929905,1.4898043209742779e-05,0.3332485987553753,0.0
hawbeckereddy_2016_02_08_120008.jpg,hawbeckereddy,2016,02,08,120008,0.13944195467717702,5.417470258088283e-06,0.3330101895088574,0.0
hawbeckereddy_2016_02_09_120007.jpg,hawbeckereddy,2016,02,09,120007,0.015743227835254604,0.1288531757210653,0.33790564646340066,0.0
hawbeckereddy_2016_02_10_120008.jpg,hawbeckereddy,2016,02,10,120008,0.008988628237859406,0.16857000455067503,0.33857996552611724,0.0
hawbeckereddy_2016_02_11_120007.jpg,hawbeckereddy,2016,02,11,120007,0.0005233802796825076,0.3961647019307864,0.337611706541535,0.0
hawbeckereddy_2016_02_12_120008.jpg,hawbeckereddy,2016,02,12,120008,0.014246070726539481,0.042150627343055885,0.3393947445961067,0.0
hawbeckereddy_2016_02_13_120008.jpg,hawbeckereddy,2016,02,13,120008,-0.002368647748781333,0.550507075216157,0.3362862849685905,0.0
hawbeckereddy_2016_02_14_120006.jpg,hawbeckereddy,2016,02,14,120006,0.016242017757959085,0.03729657399180879,0.3389244015827173,0.0
hawbeckereddy_2016_02_15_120007.jpg,hawbeckereddy,2016,02,15,120007,0.0016574733737694189,0.33202320844258565,0.3389114710301542,0.0
hawbeckereddy_2016_02_16_120007.jpg,hawbeckereddy,2016,02,16,120007,0.001149639922722173,0.2999924155416387,0.3416878262884344,0.0
hawbeckereddy_2016_02_17_120006.jpg,hawbeckereddy,2016,02,17,120006,-0.005804553621949868,0.7194563026848982,0.338845101452357,0.0
hawbeckereddy_2016_02_18_120008.jpg,hawbeckereddy,2016,02,18,120008,0.013388645873613938,0.0340636986152946,0.33998762218802114,0.0
hawbeckereddy_2016_02_19_120008.jpg,hawbeckereddy,2016,02,19,120008,0.01728818736655288,0.021805317788805338,0.3399911339267892,0.0
hawbeckereddy_2016_02_20_120009.jpg,hawbeckereddy,2016,02,20,120009,0.1443960868208208,1.896114590330899e-05,0.3316317381046925,0.0
hawbeckereddy_2016_02_21_120008.jpg,hawbeckereddy,2016,02,21,120008,0.14508653252512557,9.480572951654495e-06,0.3318182778950623,0.0
hawbeckereddy_2016_02_22_120007.jpg,hawbeckereddy,2016,02,22,120007,0.13913101560812094,0.0,0.33141713504595727,0.0
hawbeckereddy_2016_02_23_120007.jpg,hawbeckereddy,2016,02,23,120007,0.13481824760201946,5.282033501636076e-05,0.32892084365099183,0.0
hawbeckereddy_2016_02_24_120008.jpg,hawbeckereddy,2016,02,24,120008,0.14602365500791092,0.0,0.33565831704627397,0.0
hawbeckereddy_2016_02_25_120008.jpg,hawbeckereddy,2016,02,25,120008,0.135264996101696,0.0,0.335472344845813,0.0
hawbeckereddy_2016_02_26_120006.jpg,hawbeckereddy,2016,02,26,120006,0.1306405750487009,1.2189308080698637e-05,0.3315756875015078,0.0
hawbeckereddy_2016_02_27_120009.jpg,hawbeckereddy,2016,02,27,120009,0.133855590457553,1.3543675645220708e-06,0.3288672337578337,0.0
hawbeckereddy_2016_02_28_120008.jpg,hawbeckereddy,2016,02,28,120008,0.14125957626134664,0.0,0.3305345263012161,0.0
hawbeckereddy_2016_02_29_120007.jpg,hawbeckereddy,2016,02,29,120007,0.14720954606685102,1.3543675645220708e-06,0.32945779937113734,0.0
hawbeckereddy_2016_03_01_120008.jpg,hawbeckereddy,2016,03,01,120008,0.14390563442489793,0.0,0.32974609557877343,0.0
hawbeckereddy_2016_03_02_120008.jpg,hawbeckereddy,2016,03,02,120008,0.1318169836694312,0.0,0.32817066444979726,0.0
hawbeckereddy_2016_03_03_120005.jpg,hawbeckereddy,2016,03,03,120005,0.13993957960839368,0.0,0.3276733992348492,0.0
hawbeckereddy_2016_03_04_120006.jpg,hawbeckereddy,2016,03,04,120006,0.12808844672353362,0.00017877651851691334,0.32712304996790764,0.0
hawbeckereddy_2016_03_05_120007.jpg,hawbeckereddy,2016,03,05,120007,0.1358576217805495,3.521355667757384e-05,0.32647673230869945,0.0
hawbeckereddy_2016_03_06_120007.jpg,hawbeckereddy,2016,03,06,120007,0.13504104738304062,0.0,0.33084336189257474,0.0
hawbeckereddy_2016_03_07_120007.jpg,hawbeckereddy,2016,03,07,120007,0.14282995379170832,0.0,0.3297080522684465,0.0
hawbeckereddy_2016_03_08_120009.jpg,hawbeckereddy,2016,03,08,120009,0.1483839033736123,0.0,0.332656462641956,0.0
hawbeckereddy_2016_03_09_120008.jpg,hawbeckereddy,2016,03,09,120008,0.15184183532717554,0.0,0.3318618260216893,0.0
hawbeckereddy_2016_03_10_120008.jpg,hawbeckereddy,2016,03,10,120008,0.150411446195575,0.0,0.3423586187033436,0.0
hawbeckereddy_2016_03_11_120008.jpg,hawbeckereddy,2016,03,11,120008,0.16023687709723364,0.0,0.34193491778924,0.0
hawbeckereddy_2016_03_12_120009.jpg,hawbeckereddy,2016,03,12,120009,0.16835015836115472,0.0,0.3440912580331511,0.0
hawbeckereddy_2016_03_13_120009.jpg,hawbeckereddy,2016,03,13,120009,0.17060116237707088,0.0,0.3508417854229633,0.0
hawbeckereddy_2016_03_14_120006.jpg,hawbeckereddy,2016,03,14,120006,0.17023392298226525,0.0,0.3558620314509853,0.0
hawbeckereddy_2016_03_15_120008.jpg,hawbeckereddy,2016,03,15,120008,0.1653929665216131,0.0,0.3565185034659502,0.0
hawbeckereddy_2016_03_16_120006.jpg,hawbeckereddy,2016,03,16,120006,0.17429067485834948,6.771837822610354e-06,0.3597965544498653,0.0
hawbeckereddy_2016_03_17_120008.jpg,hawbeckereddy,2016,03,17,120008,0.17671122720852417,0.0,0.36177375136045675,0.0
hawbeckereddy_2016_03_18_123006.jpg,hawbeckereddy,2016,03,18,123006,0.16560364307584288,1.3543675645220708e-06,0.36203772641860565,0.0
hawbeckereddy_2016_03_19_120008.jpg,hawbeckereddy,2016,03,19,120008,0.16981925762081757,0.0,0.3574870750461509,0.0
hawbeckereddy_2016_03_20_120007.jpg,hawbeckereddy,2016,03,20,120007,0.17025752792953663,0.0,0.36074236596543985,0.0
hawbeckereddy_2016_03_21_120008.jpg,hawbeckereddy,2016,03,21,120008,0.17405301249126887,0.0,0.3544825455098617,0.0
hawbeckereddy_2016_03_22_110006.jpg,hawbeckereddy,2016,03,22,110006,0.17449892385440247,0.0,0.3600992565978159,0.0
hawbeckereddy_2016_03_23_120006.jpg,hawbeckereddy,2016,03,23,120006,0.17516839766532033,0.0,0.36868910237435853,0.0
hawbeckereddy_2016_03_24_120008.jpg,hawbeckereddy,2016,03,24,120008,0.19430439834228963,0.0,0.37111963997318353,0.0
hawbeckereddy_2016_03_25_120009.jpg,hawbeckereddy,2016,03,25,120009,0.19758543991165034,2.7087351290441417e-06,0.3834765368094692,0.0
hawbeckereddy_2016_03_26_120008.jpg,hawbeckereddy,2016,03,26,120008,0.1851869718448168,9.480572951654495e-06,0.3767947888294838,0.0
hawbeckereddy_2016_03_27_120006.jpg,hawbeckereddy,2016,03,27,120006,0.2023832789855761,2.7087351290441417e-06,0.38712320031173486,0.0
hawbeckereddy_2016_03_28_120008.jpg,hawbeckereddy,2016,03,28,120008,0.2053786041421959,1.3543675645220707e-05,0.3930442608281973,0.0
hawbeckereddy_2016_03_29_120008.jpg,hawbeckereddy,2016,03,29,120008,0.19699785230043582,8.532515656489046e-05,0.3872427356907666,0.0
hawbeckereddy_2016_03_30_120006.jpg,hawbeckereddy,2016,03,30,120006,0.19280260454236303,2.4378616161397274e-05,0.3823166750010351,0.0
hawbeckereddy_2016_03_31_120008.jpg,hawbeckereddy,2016,03,31,120008,0.22206595511274388,0.0,0.4037474158940913,0.0
hawbeckereddy_2016_04_01_120008.jpg,hawbeckereddy,2016,04,01,120008,0.21695650816984483,6.50096430970594e-05,0.41188328629386084,0.0
hawbeckereddy_2016_04_02_120009.jpg,hawbeckereddy,2016,04,02,120009,0.21655534182748148,0.0,0.41853886346757635,0.0
hawbeckereddy_2016_04_03_120009.jpg,hawbeckereddy,2016,04,03,120009,0.20838349577524984,4.333976206470627e-05,0.4006634652167439,0.0
hawbeckereddy_2016_04_04_120005.jpg,hawbeckereddy,2016,04,04,120005,0.2332517511010413,6.771837822610354e-06,0.427894282721453,0.0
hawbeckereddy_2016_04_05_120008.jpg,hawbeckereddy,2016,04,05,120008,0.20185788025628446,8.126205387132424e-05,0.4033155597317338,0.0
hawbeckereddy_2016_04_06_120008.jpg,hawbeckereddy,2016,04,06,120008,0.22525480283837213,2.7087351290441414e-05,0.41035100752566256,0.0
hawbeckereddy_2016_04_07_120008.jpg,hawbeckereddy,2016,04,07,120008,0.22871967814683172,3.792229180661798e-05,0.41718513160066,0.0
hawbeckereddy_2016_04_08_120008.jpg,hawbeckereddy,2016,04,08,120008,0.21101783406387378,0.000153043534790994,0.4060675400875671,0.0
hawbeckereddy_2016_04_09_120008.jpg,hawbeckereddy,2016,04,09,120008,0.04170928833390217,0.15519291611589053,0.3560197842637054,0.0
hawbeckereddy_2016_04_10_120008.jpg,hawbeckereddy,2016,04,10,120008,0.2255279788302382,4.063102693566212e-05,0.4093635735204627,0.0
hawbeckereddy_2016_04_11_120005.jpg,hawbeckereddy,2016,04,11,120005,0.23409656335568682,8.667952412941253e-05,0.420198843720517,0.0
hawbeckereddy_2016_04_12_120008.jpg,hawbeckereddy,2016,04,12,120008,0.2254745823813144,4.063102693566212e-06,0.41821704154688333,0.0
hawbeckereddy_2016_04_13_120009.jpg,hawbeckereddy,2016,04,13,120009,0.2228166664509825,4.063102693566212e-05,0.408223953296341,0.0
hawbeckereddy_2016_04_14_120008.jpg,hawbeckereddy,2016,04,14,120008,0.23070946156281658,9.480572951654495e-05,0.4110265040456456,0.0
hawbeckereddy_2016_04_15_120008.jpg,hawbeckereddy,2016,04,15,120008,0.2318676677438563,4.7402864758272474e-05,0.4125413535050655,0.0
hawbeckereddy_2016_04_16_120008.jpg,hawbeckereddy,2016,04,16,120008,0.23621687030462768,7.042711335514768e-05,0.416907390425817,0.0
hawbeckereddy_2016_04_17_120009.jpg,hawbeckereddy,2016,04,17,120009,0.24076386262941005,7.178148091966975e-05,0.4220126555351848,0.0
hawbeckereddy_2016_04_18_120008.jpg,hawbeckereddy,2016,04,18,120008,0.24415957622589254,0.00011647561054889809,0.4273424534648898,0.0
hawbeckereddy_2016_04_19_120008.jpg,hawbeckereddy,2016,04,19,120008,0.24418431495256224,3.521355667757384e-05,0.43218296666277634,0.0
hawbeckereddy_2016_04_20_120007.jpg,hawbeckereddy,2016,04,20,120007,0.24652425598834016,4.604849719375041e-05,0.43177456712283113,0.0
hawbeckereddy_2016_04_21_120008.jpg,hawbeckereddy,2016,04,21,120008,0.2721026081281531,1.625241077426485e-05,0.4446590458001038,0.0
hawbeckereddy_2016_04_22_120008.jpg,hawbeckereddy,2016,04,22,120008,0.25481059220052393,1.625241077426485e-05,0.4416498058554632,0.0
hawbeckereddy_2016_04_23_120008.jpg,hawbeckereddy,2016,04,23,120008,0.2527795160337247,2.3024248596875204e-05,0.44237286198660886,0.0
hawbeckereddy_2016_04_24_120008.jpg,hawbeckereddy,2016,04,24,120008,0.2670367944177763,5.011159988731662e-05,0.44596160198062396,0.0
hawbeckereddy_2016_04_25_120006.jpg,hawbeckereddy,2016,04,25,120006,0.2807043545630401,1.625241077426485e-05,0.44992047493001625,0.0
hawbeckereddy_2016_04_26_120008.jpg,hawbeckereddy,2016,04,26,120008,0.26964124481570123,6.771837822610354e-06,0.4542034055192574,0.0
hawbeckereddy_2016_04_27_120008.jpg,hawbeckereddy,2016,04,27,120008,0.28174343044559924,0.0,0.457097593385902,0.0
hawbeckereddy_2016_04_28_120006.jpg,hawbeckereddy,2016,04,28,120006,0.26467712609629934,1.0834940516176567e-05,0.45185562367429905,0.0
hawbeckereddy_2016_04_29_120009.jpg,hawbeckereddy,2016,04,29,120009,0.24389406417797105,1.0834940516176567e-05,0.4468950205816835,0.0
hawbeckereddy_2016_04_30_120008.jpg,hawbeckereddy,2016,04,30,120008,0.25959263979193936,2.8441718854963485e-05,0.44901174780244796,0.0
hawbeckereddy_2016_05_01_120006.jpg,hawbeckereddy,2016,05,01,120006,0.25677533598119884,6.636401066158147e-05,0.4555293113034653,0.0
hawbeckereddy_2016_05_03_120010.jpg,hawbeckereddy,2016,05,03,120010,0.292689845261655,1.3543675645220708e-06,0.46083182527499894,0.0
hawbeckereddy_2016_05_04_120008.jpg,hawbeckereddy,2016,05,04,120008,0.2677473312112919,4.063102693566212e-06,0.4510609086259222,0.0
hawbeckereddy_2016_05_05_120008.jpg,hawbeckereddy,2016,05,05,120008,0.28645134620279566,4.063102693566212e-06,0.46048090970999733,0.0
hawbeckereddy_2016_05_06_120006.jpg,hawbeckereddy,2016,05,06,120006,0.28670626991682824,1.3543675645220708e-06,0.46501633419263755,0.0
hawbeckereddy_2016_05_07_120005.jpg,hawbeckereddy,2016,05,07,120005,0.2941469202025639,0.0,0.4616456783858993,0.0
hawbeckereddy_2016_05_08_120006.jpg,hawbeckereddy,2016,05,08,120006,0.29114224070380407,2.7087351290441414e-05,0.4616790942495072,0.0
hawbeckereddy_2016_05_09_120009.jpg,hawbeckereddy,2016,05,09,120009,0.3062179409235697,1.3543675645220708e-06,0.46329344000033756,0.0
hawbeckereddy_2016_05_10_120007.jpg,hawbeckereddy,2016,05,10,120007,0.2852749598685134,0.0,0.45807019231519863,0.0
hawbeckereddy_2016_05_11_120006.jpg,hawbeckereddy,2016,05,11,120006,0.29323929187345954,6.771837822610354e-06,0.4646904583691391,0.0
hawbeckereddy_2016_05_12_120007.jpg,hawbeckereddy,2016,05,12,120007,0.28233193054970745,2.1669881032353134e-05,0.45946794127995844,0.0
hawbeckereddy_2016_05_13_120006.jpg,hawbeckereddy,2016,05,13,120006,0.3026569812008979,0.0,0.46977161889481933,0.0
hawbeckereddy_2016_05_14_120008.jpg,hawbeckereddy,2016,05,14,120008,0.2816702279832115,2.7087351290441417e-06,0.4577520681039739,0.0
hawbeckereddy_2016_05_15_120008.jpg,hawbeckereddy,2016,05,15,120008,0.2821473211610155,2.5732983725919344e-05,0.4606082926660575,0.0
hawbeckereddy_2016_05_16_120008.jpg,hawbeckereddy,2016,05,16,120008,0.29273287951125976,2.7087351290441414e-05,0.46037123846375205,0.0
hawbeckereddy_2016_05_17_120006.jpg,hawbeckereddy,2016,05,17,120006,0.29961946539183515,1.760677833878692e-05,0.46007950622582566,0.0
hawbeckereddy_2016_05_18_120008.jpg,hawbeckereddy,2016,05,18,120008,0.30499272101978014,8.126205387132425e-06,0.4629063716253307,0.0
hawbeckereddy_2016_05_19_120005.jpg,hawbeckereddy,2016,05,19,120005,0.29394761846009115,6.365527553253732e-05,0.4574506294689136,0.0
hawbeckereddy_2016_05_20_120010.jpg,hawbeckereddy,2016,05,20,120010,0.29093661776831736,2.031551346783106e-05,0.4553222822465991,0.0
hawbeckereddy_2016_05_21_120008.jpg,hawbeckereddy,2016,05,21,120008,0.2820794689594496,2.7087351290441417e-06,0.45767653097384126,0.0
hawbeckereddy_2016_05_22_120008.jpg,hawbeckereddy,2016,05,22,120008,0.28225704298238524,0.0,0.4542144296277465,0.0
hawbeckereddy_2016_05_23_120007.jpg,hawbeckereddy,2016,05,23,120007,0.3103172451778969,1.625241077426485e-05,0.4651411185143189,0.0
hawbeckereddy_2016_05_24_120008.jpg,hawbeckereddy,2016,05,24,120008,0.29619019814469577,7.178148091966975e-05,0.4601724070854332,0.0
hawbeckereddy_2016_05_25_120008.jpg,hawbeckereddy,2016,05,25,120008,0.30458920662475214,9.616009708106702e-05,0.4660385613000754,0.0
hawbeckereddy_2016_05_26_120008.jpg,hawbeckereddy,2016,05,26,120008,0.3153074747889231,2.7087351290441417e-06,0.47292226779644314,0.0
hawbeckereddy_2016_05_27_120008.jpg,hawbeckereddy,2016,05,27,120008,0.2977421593180427,5.417470258088283e-05,0.4641246958841796,0.0
hawbeckereddy_2016_05_28_120005.jpg,hawbeckereddy,2016,05,28,120005,0.3111934612775351,5.282033501636076e-05,0.475998569839346,0.0
hawbeckereddy_2016_05_29_120010.jpg,hawbeckereddy,2016,05,29,120010,0.3134673130213628,8.126205387132425e-06,0.4708212007727143,0.0
hawbeckereddy_2016_05_30_120005.jpg,hawbeckereddy,2016,05,30,120005,0.28950069525784616,4.4694129629228334e-05,0.46929245144173154,0.0
hawbeckereddy_2016_05_31_120009.jpg,hawbeckereddy,2016,05,31,120009,0.174975526741816,1.3543675645220708e-06,0.38774500007818774,0.0
hawbeckereddy_2016_06_01_120008.jpg,hawbeckereddy,2016,06,01,120008,0.1514025478557196,0.0,0.35981419767971057,0.0
hawbeckereddy_2016_06_02_120008.jpg,hawbeckereddy,2016,06,02,120008,0.18557830171868206,0.0,0.36448479391700367,0.0
hawbeckereddy_2016_06_03_120008.jpg,hawbeckereddy,2016,06,03,120008,0.16512047001279911,0.0,0.3564468043539642,0.0
hawbeckereddy_2016_06_04_120006.jpg,hawbeckereddy,2016,06,04,120006,0.1850699122210994,0.0,0.36235509108384817,0.0
hawbeckereddy_2016_06_05_120006.jpg,hawbeckereddy,2016,06,05,120006,0.21498956278080888,2.8441718854963485e-05,0.38544525087586146,0.0
hawbeckereddy_2016_06_06_120008.jpg,hawbeckereddy,2016,06,06,120008,0.16411356066076224,0.0,0.36619078202935995,0.0
hawbeckereddy_2016_06_07_120008.jpg,hawbeckereddy,2016,06,07,120008,0.17554765983420517,0.0,0.37639266915363273,0.0
hawbeckereddy_2016_06_08_120006.jpg,hawbeckereddy,2016,06,08,120006,0.20026186203688714,0.0,0.3914084829507887,0.0
hawbeckereddy_2016_06_09_120007.jpg,hawbeckereddy,2016,06,09,120007,0.1748487759017138,0.0,0.3818547067744715,0.0
hawbeckereddy_2016_06_10_120009.jpg,hawbeckereddy,2016,06,10,120009,0.1883995036289075,0.0,0.39037583538420617,0.0
hawbeckereddy_2016_06_11_120006.jpg,hawbeckereddy,2016,06,11,120006,0.22799799404272228,0.0,0.41260367702243433,0.0
hawbeckereddy_2016_06_12_120006.jpg,hawbeckereddy,2016,06,12,120006,0.19543631440962023,0.0,0.4078958609282518,0.0
hawbeckereddy_2016_06_13_120006.jpg,hawbeckereddy,2016,06,13,120006,0.2089905506798987,0.0,0.4134364260263723,0.0
hawbeckereddy_2016_06_14_120008.jpg,hawbeckereddy,2016,06,14,120008,0.20669370613443708,0.0,0.4154643803094593,0.0
hawbeckereddy_2016_06_15_120007.jpg,hawbeckereddy,2016,06,15,120007,0.2477416517204175,0.0,0.43802508944020135,0.0
hawbeckereddy_2016_06_16_120008.jpg,hawbeckereddy,2016,06,16,120008,0.24595580378299556,0.0,0.4454109790740308,0.0
hawbeckereddy_2016_06_17_120008.jpg,hawbeckereddy,2016,06,17,120008,0.22501047688791323,0.0,0.4314646948127467,0.0
hawbeckereddy_2016_06_18_120006.jpg,hawbeckereddy,2016,06,18,120006,0.23444304308229588,0.0,0.43494902146539877,0.0
hawbeckereddy_2016_06_19_120006.jpg,hawbeckereddy,2016,06,19,120006,0.24629233088105743,0.0,0.4395637995371108,0.0
hawbeckereddy_2016_06_20_120007.jpg,hawbeckereddy,2016,06,20,120007,0.25995284215110076,0.0,0.4467677796527399,0.0
hawbeckereddy_2016_06_21_120010.jpg,hawbeckereddy,2016,06,21,120010,0.22702849265876063,0.0,0.4350145898438794,0.0
hawbeckereddy_2016_06_22_120008.jpg,hawbeckereddy,2016,06,22,120008,0.2675272628422614,0.0,0.4568331966972655,0.0
hawbeckereddy_2016_06_23_120006.jpg,hawbeckereddy,2016,06,23,120006,0.24350212964061824,0.0,0.4455436683822459,0.0
hawbeckereddy_2016_06_24_120008.jpg,hawbeckereddy,2016,06,24,120008,0.26875440704377523,0.0,0.4572867296124917,0.0
hawbeckereddy_2016_06_25_120006.jpg,hawbeckereddy,2016,06,25,120006,0.2623863307303713,0.0,0.44500599027458376,0.0
hawbeckereddy_2016_06_26_120008.jpg,hawbeckereddy,2016,06,26,120008,0.24836236997119554,0.0,0.44344867474790084,0.0
hawbeckereddy_2016_06_27_120008.jpg,hawbeckereddy,2016,06,27,120008,0.2740648021944508,0.0,0.45941916146748496,0.0
hawbeckereddy_2016_06_28_120008.jpg,hawbeckereddy,2016,06,28,120008,0.2046859167867747,2.7087351290441417e-06,0.41466882370584085,0.0
hawbeckereddy_2016_06_29_120006.jpg,hawbeckereddy,2016,06,29,120006,0.16775189523561612,0.0,0.3802958625385846,0.0
hawbeckereddy_2016_06_30_120006.jpg,hawbeckereddy,2016,06,30,120006,0.1398193888119377,0.0,0.36020914914912777,0.0
hawbeckereddy_2016_07_01_120006.jpg,hawbeckereddy,2016,07,01,120006,0.15702502963080728,0.0,0.36978743320595503,0.0
hawbeckereddy_2016_07_02_120008.jpg,hawbeckereddy,2016,07,02,120008,0.13419368771729165,0.0,0.35480638938707193,0.0
hawbeckereddy_2016_07_03_120009.jpg,hawbeckereddy,2016,07,03,120009,0.13734161197489644,0.0,0.3518025867836334,0.0
hawbeckereddy_2016_07_04_120008.jpg,hawbeckereddy,2016,07,04,120008,0.1350233149070116,0.0,0.35089664762408357,0.0
hawbeckereddy_2016_07_05_120009.jpg,hawbeckereddy,2016,07,05,120009,0.14015501599111976,0.0,0.3530583494002809,0.0
hawbeckereddy_2016_07_06_120008.jpg,hawbeckereddy,2016,07,06,120008,0.15381634421227336,5.417470258088283e-06,0.3637801150142115,0.0
hawbeckereddy_2016_07_07_120006.jpg,hawbeckereddy,2016,07,07,120006,0.1631053542795802,8.126205387132425e-06,0.3637200959673378,0.0
hawbeckereddy_2016_07_08_123006.jpg,hawbeckereddy,2016,07,08,123006,0.20052211385674693,6.094654040349318e-05,0.4013088920944997,0.0
hawbeckereddy_2016_07_09_120009.jpg,hawbeckereddy,2016,07,09,120009,0.16510732725239324,4.7402864758272474e-05,0.38170202881469745,0.0
hawbeckereddy_2016_07_10_120007.jpg,hawbeckereddy,2016,07,10,120007,0.17109535269157083,2.031551346783106e-05,0.40188867888610147,0.0
hawbeckereddy_2016_07_11_120009.jpg,hawbeckereddy,2016,07,11,120009,0.18232803594771282,2.8441718854963485e-05,0.394106034545037,0.0
hawbeckereddy_2016_07_12_120006.jpg,hawbeckereddy,2016,07,12,120006,0.21178528547006,4.063102693566212e-06,0.42875795937456906,0.0
hawbeckereddy_2016_07_13_120005.jpg,hawbeckereddy,2016,07,13,120005,0.23633285719825925,8.126205387132425e-06,0.43321418845816484,0.0
hawbeckereddy_2016_07_14_120010.jpg,hawbeckereddy,2016,07,14,120010,0.1832215172784362,7.313584848419183e-05,0.4117160547686389,0.0
hawbeckereddy_2016_07_15_120006.jpg,hawbeckereddy,2016,07,15,120006,0.24092950066083071,0.0,0.44408626277847724,0.0
hawbeckereddy_2016_07_16_120006.jpg,hawbeckereddy,2016,07,16,120006,0.22992276719255175,0.0,0.43153042915793616,0.0
hawbeckereddy_2016_07_17_120008.jpg,hawbeckereddy,2016,07,17,120008,0.22250849671073622,0.0,0.4328100820143367,0.0
hawbeckereddy_2016_07_18_120006.jpg,hawbeckereddy,2016,07,18,120006,0.23663039878401831,2.1669881032353134e-05,0.44061863864514567,0.0
hawbeckereddy_2016_07_19_120008.jpg,hawbeckereddy,2016,07,19,120008,0.20025945304796597,0.0,0.4198153280337448,0.0
hawbeckereddy_2016_07_20_120006.jpg,hawbeckereddy,2016,07,20,120006,0.2019933818088929,0.0,0.4193009122969566,0.0
hawbeckereddy_2016_07_21_120009.jpg,hawbeckereddy,2016,07,21,120009,0.20788299433651103,1.3543675645220708e-06,0.41955436510419936,0.0
hawbeckereddy_2016_07_22_120006.jpg,hawbeckereddy,2016,07,22,120006,0.22281341499370394,0.0,0.4321056696047777,0.0
hawbeckereddy_2016_07_23_120005.jpg,hawbeckereddy,2016,07,23,120005,0.21053873069651488,4.333976206470627e-05,0.4209756186536161,0.0
hawbeckereddy_2016_07_24_120006.jpg,hawbeckereddy,2016,07,24,120006,0.21522361393887493,3.927665937114005e-05,0.42553156698066597,0.0
hawbeckereddy_2016_07_25_120008.jpg,hawbeckereddy,2016,07,25,120008,0.24228571183376169,0.0,0.4424440661931156,0.0
hawbeckereddy_2016_07_26_120006.jpg,hawbeckereddy,2016,07,26,120006,0.20205515662883247,1.896114590330899e-05,0.4178697339107212,0.0
hawbeckereddy_2016_07_27_120008.jpg,hawbeckereddy,2016,07,27,120008,0.19292115761249795,4.063102693566212e-06,0.41479861701404014,0.0
hawbeckereddy_2016_07_28_120005.jpg,hawbeckereddy,2016,07,28,120005,0.2136209619698496,0.0,0.42535628973814277,0.0
hawbeckereddy_2016_07_29_120009.jpg,hawbeckereddy,2016,07,29,120009,0.20043272493714562,0.0,0.41812973908970213,0.0
hawbeckereddy_2016_07_30_120007.jpg,hawbeckereddy,2016,07,30,120007,0.21962169251042074,5.55290701454049e-05,0.44099030657700183,0.0
hawbeckereddy_2016_07_31_120006.jpg,hawbeckereddy,2016,07,31,120006,0.2006222372062568,0.0,0.4190406542864517,0.0
hawbeckereddy_2016_08_01_120005.jpg,hawbeckereddy,2016,08,01,120005,0.20238193530388326,0.0,0.41715423867125756,0.0
hawbeckereddy_2016_08_02_120006.jpg,hawbeckereddy,2016,08,02,120006,0.183221967896387,0.0,0.4114406140342237,0.0
hawbeckereddy_2016_08_03_120006.jpg,hawbeckereddy,2016,08,03,120006,0.1916547890697539,1.3543675645220708e-06,0.4170828728286998,0.0
hawbeckereddy_2016_08_04_120006.jpg,hawbeckereddy,2016,08,04,120006,0.21386221035934655,1.760677833878692e-05,0.4245797472598562,0.0
hawbeckereddy_2016_08_05_120009.jpg,hawbeckereddy,2016,08,05,120009,0.2018671975615056,2.1669881032353134e-05,0.41851759356451457,0.0
hawbeckereddy_2016_08_06_120008.jpg,hawbeckereddy,2016,08,06,120008,0.18021545576571293,0.0,0.4060612841243253,0.0
hawbeckereddy_2016_08_07_120006.jpg,hawbeckereddy,2016,08,07,120006,0.1838578311233516,6.771837822610354e-06,0.4022113320075221,0.0
hawbeckereddy_2016_08_08_120009.jpg,hawbeckereddy,2016,08,08,120009,0.1719118956498461,0.0,0.3977420428573232,0.0
hawbeckereddy_2016_08_09_120010.jpg,hawbeckereddy,2016,08,09,120010,0.20919906496485344,0.0,0.40444279518745946,0.0
hawbeckereddy_2016_08_10_120008.jpg,hawbeckereddy,2016,08,10,120008,0.19294014637868423,0.0,0.4064358204610594,0.0
hawbeckereddy_2016_08_11_120006.jpg,hawbeckereddy,2016,08,11,120006,0.17875091938090698,2.1669881032353134e-05,0.42074252223895103,0.0
hawbeckereddy_2016_08_12_120006.jpg,hawbeckereddy,2016,08,12,120006,0.17484422487383502,0.0,0.3977031921861793,0.0
hawbeckereddy_2016_08_13_120008.jpg,hawbeckereddy,2016,08,13,120008,0.19894716597744236,0.0,0.41327587484368744,0.0
hawbeckereddy_2016_08_14_120006.jpg,hawbeckereddy,2016,08,14,120006,0.18758870951842552,0.00012053871324246429,0.40804974287032886,0.0
hawbeckereddy_2016_08_15_120006.jpg,hawbeckereddy,2016,08,15,120006,0.2136792374720384,0.0,0.4220666870070782,0.0
hawbeckereddy_2016_08_16_120009.jpg,hawbeckereddy,2016,08,16,120009,0.17970284938921663,0.0,0.40489128810102104,0.0
hawbeckereddy_2016_08_17_120009.jpg,hawbeckereddy,2016,08,17,120009,0.2095443522765883,0.0,0.4214929325811633,0.0
hawbeckereddy_2016_08_18_120009.jpg,hawbeckereddy,2016,08,18,120009,0.20046052138258527,0.0,0.42100613817917804,0.0
hawbeckereddy_2016_08_19_120006.jpg,hawbeckereddy,2016,08,19,120006,0.1987793965282483,0.0,0.41508124593999113,0.0
hawbeckereddy_2016_08_20_120006.jpg,hawbeckereddy,2016,08,20,120006,0.22439802561918232,0.0,0.42326594127515915,0.0
hawbeckereddy_2016_08_21_120008.jpg,hawbeckereddy,2016,08,21,120008,0.229898804533507,1.2189308080698637e-05,0.4343566861787713,0.0
hawbeckereddy_2016_08_22_120006.jpg,hawbeckereddy,2016,08,22,120006,0.19827906428563363,0.0,0.4196093088833355,0.0
hawbeckereddy_2016_08_23_120010.jpg,hawbeckereddy,2016,08,23,120010,0.15420601288789773,0.0,0.37413599095401884,0.0
hawbeckereddy_2016_08_24_120006.jpg,hawbeckereddy,2016,08,24,120006,0.16058827532439632,2.031551346783106e-05,0.37051382359411705,0.0
hawbeckereddy_2016_08_25_120008.jpg,hawbeckereddy,2016,08,25,120008,0.1906621869386827,0.0,0.38391789055917447,0.0
hawbeckereddy_2016_08_26_120010.jpg,hawbeckereddy,2016,08,26,120010,0.18157785743920932,0.0,0.38722585633991136,0.0
hawbeckereddy_2016_08_27_120010.jpg,hawbeckereddy,2016,08,27,120010,0.19241576351502093,0.0,0.3877559337994196,0.0
hawbeckereddy_2016_08_28_120006.jpg,hawbeckereddy,2016,08,28,120006,0.1950568589187284,0.0,0.39654324927643586,0.0
hawbeckereddy_2016_08_29_120006.jpg,hawbeckereddy,2016,08,29,120006,0.19429090871281407,0.0,0.4042912599566791,0.0
hawbeckereddy_2016_08_30_120009.jpg,hawbeckereddy,2016,08,30,120009,0.2027053923601345,0.0,0.4308314431678522,0.0
hawbeckereddy_2016_08_31_120006.jpg,hawbeckereddy,2016,08,31,120006,0.24031212867674104,0.0,0.43481261508685326,0.0
hawbeckereddy_2016_09_01_120010.jpg,hawbeckereddy,2016,09,01,120010,0.20533795786309456,0.0,0.4214973253261071,0.0
hawbeckereddy_2016_09_02_120006.jpg,hawbeckereddy,2016,09,02,120006,0.21407034936883626,0.0,0.424725369039567,0.0
hawbeckereddy_2016_09_03_120010.jpg,hawbeckereddy,2016,09,03,120010,0.2226818198289138,0.0,0.4278169783736609,0.0
hawbeckereddy_2016_09_04_120006.jpg,hawbeckereddy,2016,09,04,120006,0.22614387165513486,0.0,0.43094836783432683,0.0
hawbeckereddy_2016_09_05_120006.jpg,hawbeckereddy,2016,09,05,120006,0.2216291543207538,0.0,0.4304882103548521,0.0
hawbeckereddy_2016_09_06_120006.jpg,hawbeckereddy,2016,09,06,120006,0.22874257032574946,0.0,0.43603748772435463,0.0
hawbeckereddy_2016_09_07_120006.jpg,hawbeckereddy,2016,09,07,120006,0.24502496743593272,0.0,0.4423550774936964,0.0
hawbeckereddy_2016_09_08_120006.jpg,hawbeckereddy,2016,09,08,120006,0.2309667560909548,0.0,0.43807463625936205,0.0
hawbeckereddy_2016_09_09_120012.jpg,hawbeckereddy,2016,09,09,120012,0.25050710193013226,0.0,0.4537008308124823,0.0
hawbeckereddy_2016_09_10_120007.jpg,hawbeckereddy,2016,09,10,120007,0.2694705667762698,0.0,0.46056659195145777,0.0
hawbeckereddy_2016_09_11_120010.jpg,hawbeckereddy,2016,09,11,120010,0.1983541355004166,0.0,0.42668630442881583,0.0
hawbeckereddy_2016_09_12_120006.jpg,hawbeckereddy,2016,09,12,120006,0.20759512346660927,0.0,0.4275894905608848,0.0
hawbeckereddy_2016_09_13_120008.jpg,hawbeckereddy,2016,09,13,120008,0.22084067819489317,0.0,0.4337604698423142,0.0
hawbeckereddy_2016_09_14_120006.jpg,hawbeckereddy,2016,09,14,120006,0.22336480984586105,0.0,0.4355444655395247,0.0
hawbeckereddy_2016_09_15_120006.jpg,hawbeckereddy,2016,09,15,120006,0.20388869518335087,0.0,0.42755191464773135,0.0
hawbeckereddy_2016_09_16_120006.jpg,hawbeckereddy,2016,09,16,120006,0.23488877376002787,0.0,0.4400625418879847,0.0
hawbeckereddy_2016_09_17_120009.jpg,hawbeckereddy,2016,09,17,120009,0.2268616021579921,0.0,0.4409621756165904,0.0
hawbeckereddy_2016_09_18_120008.jpg,hawbeckereddy,2016,09,18,120008,0.22226455562004993,0.0,0.44016058449143336,0.0
hawbeckereddy_2016_09_19_120009.jpg,hawbeckereddy,2016,09,19,120009,0.22756031527804463,0.0,0.4423568257137273,0.0
hawbeckereddy_2016_09_20_120006.jpg,hawbeckereddy,2016,09,20,120006,0.20606289110298429,0.0,0.42946246382758396,0.0
hawbeckereddy_2016_09_21_120006.jpg,hawbeckereddy,2016,09,21,120006,0.20662707086285179,0.0,0.4284813587255123,0.0
hawbeckereddy_2016_09_22_120005.jpg,hawbeckereddy,2016,09,22,120005,0.20896483610320227,0.0,0.42843300116122673,0.0
hawbeckereddy_2016_09_23_120012.jpg,hawbeckereddy,2016,09,23,120012,0.21475137523778942,0.0,0.43116872338181245,0.0
hawbeckereddy_2016_09_24_120008.jpg,hawbeckereddy,2016,09,24,120008,0.18999228467625506,0.0,0.42046008543086394,0.0
hawbeckereddy_2016_09_25_120006.jpg,hawbeckereddy,2016,09,25,120006,0.19768683039704119,0.0,0.4215107554605876,0.0
hawbeckereddy_2016_09_26_120006.jpg,hawbeckereddy,2016,09,26,120006,0.23866358918592856,0.0,0.43947157794464126,0.0
hawbeckereddy_2016_09_27_120006.jpg,hawbeckereddy,2016,09,27,120006,0.20113775440173778,0.0,0.4227165083324952,0.0
hawbeckereddy_2016_09_28_120006.jpg,hawbeckereddy,2016,09,28,120006,0.20730867064040753,8.126205387132425e-06,0.4230752536179032,0.0
hawbeckereddy_2016_09_29_120005.jpg,hawbeckereddy,2016,09,29,120005,0.215507888856957,5.417470258088283e-06,0.4409080160909093,0.0
hawbeckereddy_2016_09_30_120005.jpg,hawbeckereddy,2016,09,30,120005,0.21099989432798336,2.8441718854963485e-05,0.4301997322407497,0.0
hawbeckereddy_2016_10_01_100054.jpg,hawbeckereddy,2016,10,01,100054,0.2159859276935855,4.875723232279455e-05,0.4377402937108174,0.0
hawbeckereddy_2016_10_02_120006.jpg,hawbeckereddy,2016,10,02,120006,0.21970870791379654,1.2189308080698637e-05,0.4314867754575168,0.0
hawbeckereddy_2016_10_03_120006.jpg,hawbeckereddy,2016,10,03,120006,0.22854497023300382,0.0,0.4400446459489482,0.0
hawbeckereddy_2016_10_04_120005.jpg,hawbeckereddy,2016,10,04,120005,0.2223152845912259,0.0,0.43263072460048546,0.0
hawbeckereddy_2016_10_05_120006.jpg,hawbeckereddy,2016,10,05,120006,0.2283234286713642,0.0,0.43204763093434084,0.0
hawbeckereddy_2016_10_06_120006.jpg,hawbeckereddy,2016,10,06,120006,0.2021032638797342,0.0,0.4167507778628108,0.0
hawbeckereddy_2016_10_07_120006.jpg,hawbeckereddy,2016,10,07,120006,0.2167879291263942,0.0,0.42078949411499406,0.0
hawbeckereddy_2016_10_08_120006.jpg,hawbeckereddy,2016,10,08,120006,0.21541264376231772,2.8441718854963485e-05,0.42898449220648655,0.0
hawbeckereddy_2016_10_09_120006.jpg,hawbeckereddy,2016,10,09,120006,0.22018294460090884,0.0,0.4274081283801362,0.0
hawbeckereddy_2016_10_10_120005.jpg,hawbeckereddy,2016,10,10,120005,0.19436110664903597,2.7087351290441417e-06,0.4095153953350591,0.0
hawbeckereddy_2016_10_11_120009.jpg,hawbeckereddy,2016,10,11,120009,0.2034685393024189,0.0,0.40979080868888407,0.0
hawbeckereddy_2016_10_12_120009.jpg,hawbeckereddy,2016,10,12,120009,0.1983085795283729,2.7087351290441417e-06,0.40629320690296405,0.0
hawbeckereddy_2016_10_13_120009.jpg,hawbeckereddy,2016,10,13,120009,0.1709390514690912,0.0,0.38282370445970804,0.0
hawbeckereddy_2016_10_14_120006.jpg,hawbeckereddy,2016,10,14,120006,0.16668372428530356,0.0,0.3760795710089223,0.0
hawbeckereddy_2016_10_15_120006.jpg,hawbeckereddy,2016,10,15,120006,0.16492275837359335,0.0,0.37084615104114804,0.0
hawbeckereddy_2016_10_16_120006.jpg,hawbeckereddy,2016,10,16,120006,0.17716933734145932,0.0,0.3671094777001298,0.0
hawbeckereddy_2016_10_17_120006.jpg,hawbeckereddy,2016,10,17,120006,0.1880002168335971,0.0,0.36881833159426025,0.0
hawbeckereddy_2016_10_18_120008.jpg,hawbeckereddy,2016,10,18,120008,0.1817901821328678,0.0,0.364338144692037,0.0
hawbeckereddy_2016_10_19_120008.jpg,hawbeckereddy,2016,10,19,120008,0.17381439171101726,0.0,0.3660775400273537,0.0
hawbeckereddy_2016_10_20_120006.jpg,hawbeckereddy,2016,10,20,120006,0.18004701371538084,0.0,0.3668549361602715,0.0
hawbeckereddy_2016_10_21_120006.jpg,hawbeckereddy,2016,10,21,120006,0.19786811577198846,1.2189308080698637e-05,0.3823890405777279,0.0
hawbeckereddy_2016_10_22_120006.jpg,hawbeckereddy,2016,10,22,120006,0.19086514699183493,0.0,0.37589329289148704,0.0
hawbeckereddy_2016_10_23_120006.jpg,hawbeckereddy,2016,10,23,120006,0.20020024481698925,0.0,0.3778879669737921,0.0
hawbeckereddy_2016_10_24_120009.jpg,hawbeckereddy,2016,10,24,120009,0.1901517607207884,0.0,0.3751384096160128,0.0
hawbeckereddy_2016_10_25_120006.jpg,hawbeckereddy,2016,10,25,120006,0.1700412014048607,0.0,0.362111723260836,0.0
hawbeckereddy_2016_10_26_120006.jpg,hawbeckereddy,2016,10,26,120006,0.172062657311462,0.0,0.3608830561687981,0.0
hawbeckereddy_2016_10_27_120007.jpg,hawbeckereddy,2016,10,27,120007,0.20901994623597253,4.063102693566212e-06,0.38225446401278773,0.0
hawbeckereddy_2016_10_28_120005.jpg,hawbeckereddy,2016,10,28,120005,0.16351770260673978,2.1669881032353134e-05,0.3585269332348378,0.0
hawbeckereddy_2016_10_29_120006.jpg,hawbeckereddy,2016,10,29,120006,0.18892576140456202,0.0,0.36404217264505634,0.0
hawbeckereddy_2016_10_30_120005.jpg,hawbeckereddy,2016,10,30,120005,0.18383402091337922,0.0,0.3774103016529303,0.0
hawbeckereddy_2016_10_31_120010.jpg,hawbeckereddy,2016,10,31,120010,0.17769474017091413,0.0,0.36016867385912554,0.0
hawbeckereddy_2016_11_01_120005.jpg,hawbeckereddy,2016,11,01,120005,0.18368196957147986,0.0,0.36494797769310305,0.0
hawbeckereddy_2016_11_02_120006.jpg,hawbeckereddy,2016,11,02,120006,0.18324753173408775,0.0,0.3559991081752771,0.0
hawbeckereddy_2016_11_03_120005.jpg,hawbeckereddy,2016,11,03,120005,0.20602945566409842,0.0,0.3680994352247419,0.0
hawbeckereddy_2016_11_04_120005.jpg,hawbeckereddy,2016,11,04,120005,0.15924837830675492,0.0,0.3498958903967394,0.0
hawbeckereddy_2016_11_05_120005.jpg,hawbeckereddy,2016,11,05,120005,0.16047807137682768,9.480572951654495e-06,0.34794539036968675,0.0
hawbeckereddy_2016_11_06_120008.jpg,hawbeckereddy,2016,11,06,120008,0.1641375693387403,0.0,0.34607285763813367,0.0
hawbeckereddy_2016_11_07_120009.jpg,hawbeckereddy,2016,11,07,120009,0.15509044362499916,0.0,0.3421345515829449,0.0
hawbeckereddy_2016_11_08_120006.jpg,hawbeckereddy,2016,11,08,120006,0.16517047414682895,0.0,0.3405642670431767,0.0
hawbeckereddy_2016_11_09_120009.jpg,hawbeckereddy,2016,11,09,120009,0.15811960662866817,0.0,0.3460201181285254,0.0
hawbeckereddy_2016_11_10_120009.jpg,hawbeckereddy,2016,11,10,120009,0.15620586311421308,8.126205387132425e-06,0.3383150998991705,0.0
hawbeckereddy_2016_11_11_120009.jpg,hawbeckereddy,2016,11,11,120009,0.14446592754153834,0.0,0.3380889197985146,0.0
hawbeckereddy_2016_11_12_120008.jpg,hawbeckereddy,2016,11,12,120008,0.1484665046477582,1.0834940516176567e-05,0.33347410276816936,0.0
hawbeckereddy_2016_11_13_120006.jpg,hawbeckereddy,2016,11,13,120006,0.14922987606475105,2.7087351290441414e-05,0.3321820440515208,0.0
hawbeckereddy_2016_11_14_120008.jpg,hawbeckereddy,2016,11,14,120008,0.1492875166835544,1.3543675645220708e-06,0.3306345600702108,0.0
hawbeckereddy_2016_11_15_120006.jpg,hawbeckereddy,2016,11,15,120006,0.1506247071156457,6.771837822610354e-06,0.32982342444177887,0.0
hawbeckereddy_2016_11_16_120006.jpg,hawbeckereddy,2016,11,16,120006,0.14775181669939633,0.0,0.33298427222974475,0.0
hawbeckereddy_2016_11_17_120006.jpg,hawbeckereddy,2016,11,17,120006,0.14582281218242302,5.417470258088283e-06,0.3281695738870922,0.0
hawbeckereddy_2016_11_18_120006.jpg,hawbeckereddy,2016,11,18,120006,0.1538046448685481,1.625241077426485e-05,0.3279925086650857,0.0
hawbeckereddy_2016_11_19_120009.jpg,hawbeckereddy,2016,11,19,120009,0.16310670628143406,2.7087351290441417e-06,0.3259977988429318,0.0
hawbeckereddy_2016_11_20_120006.jpg,hawbeckereddy,2016,11,20,120006,0.13984834036429525,0.0,0.3288509831291339,0.0
hawbeckereddy_2016_11_21_120006.jpg,hawbeckereddy,2016,11,21,120006,0.12571758323790427,5.688343770992697e-05,0.3308239550587971,0.0
hawbeckereddy_2016_11_22_120006.jpg,hawbeckereddy,2016,11,22,120006,0.1401194170587387,3.385918911305177e-05,0.32679479534074785,0.0
hawbeckereddy_2016_11_23_120009.jpg,hawbeckereddy,2016,11,23,120009,0.14377535509777253,1.4898043209742779e-05,0.32630027197100425,0.0
hawbeckereddy_2016_11_24_120006.jpg,hawbeckereddy,2016,11,24,120006,0.13648455789058336,0.0,0.3264351635076577,0.0
hawbeckereddy_2016_11_25_120008.jpg,hawbeckereddy,2016,11,25,120008,0.14664176682751942,0.0,0.3271458521576242,0.0
hawbeckereddy_2016_11_28_120006.jpg,hawbeckereddy,2016,11,28,120006,0.15031270522545861,0.0,0.3262512997767765,0.0
hawbeckereddy_2016_11_30_120006.jpg,hawbeckereddy,2016,11,30,120006,0.1639429677940554,6.771837822610354e-06,0.32519944077189306,0.0
hawbeckereddy_2016_12_01_120006.jpg,hawbeckereddy,2016,12,01,120006,0.14876366071576538,0.0,0.32837907364890834,0.0
hawbeckereddy_2016_12_02_120006.jpg,hawbeckereddy,2016,12,02,120006,0.13749243568102198,0.0,0.3290123676753006,0.0
hawbeckereddy_2016_12_05_120006.jpg,hawbeckereddy,2016,12,05,120006,0.1355209725442437,0.0,0.3281704916431707,0.0
hawbeckereddy_2016_12_06_120006.jpg,hawbeckereddy,2016,12,06,120006,0.1391019757751852,0.0,0.32712985290475777,0.0
hawbeckereddy_2016_12_07_120006.jpg,hawbeckereddy,2016,12,07,120006,0.1483234534985651,1.2189308080698637e-05,0.3218948334561509,0.0
hawbeckereddy_2016_12_08_120006.jpg,hawbeckereddy,2016,12,08,120006,0.1476951333644977,4.063102693566212e-06,0.3225365695592459,0.0
hawbeckereddy_2016_12_09_120005.jpg,hawbeckereddy,2016,12,09,120005,0.13703545577188309,0.0,0.327247120335446,0.0
hawbeckereddy_2016_12_10_120006.jpg,hawbeckereddy,2016,12,10,120006,0.15899343809031943,0.0,0.32259591759090606,0.0
hawbeckereddy_2016_12_11_120006.jpg,hawbeckereddy,2016,12,11,120006,0.015779114203045033,0.06234289336251544,0.338538592043594,0.0
hawbeckereddy_2016_12_12_120006.jpg,hawbeckereddy,2016,12,12,120006,-0.0005847162775843481,0.40860185927579257,0.3403145856700996,0.0
hawbeckereddy_2016_12_13_120009.jpg,hawbeckereddy,2016,12,13,120009,0.007534400684950189,0.08347373610418879,0.3400639076440364,0.0
hawbeckereddy_2016_12_14_120005.jpg,hawbeckereddy,2016,12,14,120005,0.0056675667803763406,0.0703729386525668,0.3390525773631865,0.0
hawbeckereddy_2016_12_15_120008.jpg,hawbeckereddy,2016,12,15,120008,-0.015678565958489696,0.995462868658851,0.33629250933150795,0.0
hawbeckereddy_2016_12_16_120007.jpg,hawbeckereddy,2016,12,16,120007,0.011458598052697258,0.055510108999501595,0.33938652206354725,0.0
hawbeckereddy_2016_12_17_120008.jpg,hawbeckereddy,2016,12,17,120008,-0.008043404962509175,0.9540706871519276,0.3403439301084285,0.0
hawbeckereddy_2016_12_18_120007.jpg,hawbeckereddy,2016,12,18,120007,0.009301983290317648,0.07239907252909182,0.3404697958628997,0.0
hawbeckereddy_2016_12_19_120007.jpg,hawbeckereddy,2016,12,19,120007,0.02738134713142491,0.00038599475588879016,0.34080588187401495,0.0
hawbeckereddy_2016_12_20_120008.jpg,hawbeckereddy,2016,12,20,120008,0.02208793045587218,0.003331744208724294,0.3399404673476345,0.0
hawbeckereddy_2016_12_21_120007.jpg,hawbeckereddy,2016,12,21,120007,0.018490195848456664,0.008050360803519188,0.3405715746579316,0.0
hawbeckereddy_2016_12_22_120005.jpg,hawbeckereddy,2016,12,22,120005,0.0092182659728671,0.11090509675601881,0.33988845228054115,0.0
hawbeckereddy_2016_12_23_120009.jpg,hawbeckereddy,2016,12,23,120009,0.01716501731791984,0.02828732095260797,0.3400749990504124,0.0
hawbeckereddy_2016_12_24_120009.jpg,hawbeckereddy,2016,12,24,120009,0.01275364982339533,0.09085774806596311,0.34002837598045593,0.0
hawbeckereddy_2016_12_27_120006.jpg,hawbeckereddy,2016,12,27,120006,0.14292603587276845,6.90727457906256e-05,0.3222015891466074,0.0
hawbeckereddy_2016_12_28_120008.jpg,hawbeckereddy,2016,12,28,120008,0.1290413956540422,0.0,0.32566497985929976,0.0
hawbeckereddy_2016_12_29_120007.jpg,hawbeckereddy,2016,12,29,120007,-0.016094883682927795,0.8263565345526253,0.33470958436812437,0.0
hawbeckereddy_2016_12_30_120007.jpg,hawbeckereddy,2016,12,30,120007,-0.003661672987079219,0.6227138275510867,0.3376111847320211,0.0
hawbeckereddy_2016_12_31_120008.jpg,hawbeckereddy,2016,12,31,120008,0.0024769524727315394,0.32876460008234554,0.33908494859739174,0.0
hawbeckereddy_2017_01_05_120008.jpg,hawbeckereddy,2017,01,05,120008,0.14566384122062503,0.0,0.32452423264517194,0.0
hawbeckereddy_2017_01_06_120007.jpg,hawbeckereddy,2017,01,06,120007,0.029041101545585063,0.04708865148330336,0.3370983659845937,0.0
hawbeckereddy_2017_01_07_120008.jpg,hawbeckereddy,2017,01,07,120008,0.06501328338912656,0.0007543827334387934,0.33392334404228147,0.0
hawbeckereddy_2017_01_08_120008.jpg,hawbeckereddy,2017,01,08,120008,0.06779317203724387,0.003655438056645069,0.3316188960854413,0.0
hawbeckereddy_2017_01_09_120006.jpg,hawbeckereddy,2017,01,09,120006,0.0826906959904967,0.012078249940407827,0.32847671355422736,0.0
hawbeckereddy_2017_01_10_120008.jpg,hawbeckereddy,2017,01,10,120008,-0.0003389560382441591,0.48654706698160227,0.33892200219780505,0.0
hawbeckereddy_2017_01_11_120008.jpg,hawbeckereddy,2017,01,11,120008,0.015028555085700692,0.05194135046698593,0.3394057881522627,0.0
hawbeckereddy_2017_01_12_120007.jpg,hawbeckereddy,2017,01,12,120007,0.1413565378290114,0.0,0.32444639768742967,0.0
hawbeckereddy_2017_01_13_120009.jpg,hawbeckereddy,2017,01,13,120009,0.14695806594400962,9.345136195202289e-05,0.3207504253252972,0.0
hawbeckereddy_2017_01_14_120009.jpg,hawbeckereddy,2017,01,14,120009,0.08683184927642516,0.0001110581402908098,0.332348907729026,0.0
hawbeckereddy_2017_01_15_120008.jpg,hawbeckereddy,2017,01,15,120008,0.14173252428345068,4.7402864758272474e-05,0.31999670749310477,0.0
hawbeckereddy_2017_01_16_120008.jpg,hawbeckereddy,2017,01,16,120008,0.15414532322690444,0.0,0.31946008693331873,0.0
hawbeckereddy_2017_01_17_120008.jpg,hawbeckereddy,2017,01,17,120008,0.1352245030747358,1.3543675645220707e-05,0.32466456177431186,0.0
hawbeckereddy_2017_01_18_120007.jpg,hawbeckereddy,2017,01,18,120007,0.13845579224357518,0.0,0.3245654813206466,0.0
hawbeckereddy_2017_01_20_100006.jpg,hawbeckereddy,2017,01,20,100006,0.13020114694261423,0.0,0.3271200926468422,0.0
hawbeckereddy_2017_01_21_120005.jpg,hawbeckereddy,2017,01,21,120005,0.15453581689008,2.031551346783106e-05,0.31637328637331086,0.0
hawbeckereddy_2017_01_22_120009.jpg,hawbeckereddy,2017,01,22,120009,0.12566321305495293,7.85533187422801e-05,0.32149707512858333,0.0
hawbeckereddy_2017_01_23_120009.jpg,hawbeckereddy,2017,01,23,120009,0.13688288978151694,0.0,0.3250756221618194,0.0
hawbeckereddy_2017_01_24_120008.jpg,hawbeckereddy,2017,01,24,120008,-0.0018454962735209852,0.47625387349123455,0.33921593321464905,0.0
hawbeckereddy_2017_01_25_120008.jpg,hawbeckereddy,2017,01,25,120008,0.1528819783594699,2.031551346783106e-05,0.32275595213132163,0.0
hawbeckereddy_2017_01_26_120009.jpg,hawbeckereddy,2017,01,26,120009,0.12496486449448589,0.0,0.3276298560404446,0.0
hawbeckereddy_2017_01_27_120007.jpg,hawbeckereddy,2017,01,27,120007,0.13733848737012574,0.0,0.3267127730377155,0.0
hawbeckereddy_2017_01_28_120008.jpg,hawbeckereddy,2017,01,28,120008,0.023681308649948715,0.09079273842286606,0.3356816398478286,0.0
hawbeckereddy_2017_01_29_120008.jpg,hawbeckereddy,2017,01,29,120008,0.10167817761308307,0.00827383145166533,0.32615003056851233,0.0
hawbeckereddy_2017_01_30_120008.jpg,hawbeckereddy,2017,01,30,120008,0.045223352998077476,0.027374477214120094,0.3340469788026859,0.0
hawbeckereddy_2017_01_31_120008.jpg,hawbeckereddy,2017,01,31,120008,0.00046061188574921837,0.32248710642078576,0.33970521560960654,0.0
hawbeckereddy_2017_02_02_120006.jpg,hawbeckereddy,2017,02,02,120006,-0.009321146293776988,0.8684841376470843,0.3376480502637602,0.0
hawbeckereddy_2017_02_03_120006.jpg,hawbeckereddy,2017,02,03,120006,-0.004092298028045577,0.6623656467375995,0.3377301983062192,0.0
hawbeckereddy_2017_02_04_120008.jpg,hawbeckereddy,2017,02,04,120008,0.013868891223475104,0.049786551671831325,0.33825289459484376,0.0
hawbeckereddy_2017_02_05_120008.jpg,hawbeckereddy,2017,02,05,120008,0.00487686081945662,0.23196795024595315,0.3395331427231684,0.0
hawbeckereddy_2017_02_06_120008.jpg,hawbeckereddy,2017,02,06,120008,0.03209461061352503,0.0328054911478536,0.33836340853731,0.0
hawbeckereddy_2017_02_07_120008.jpg,hawbeckereddy,2017,02,07,120008,0.13347159197758038,0.0,0.32773866896593423,0.0
hawbeckereddy_2017_02_08_120005.jpg,hawbeckereddy,2017,02,08,120005,0.1316081193427035,0.0,0.3265553133547809,0.0
hawbeckereddy_2017_02_09_120008.jpg,hawbeckereddy,2017,02,09,120008,-0.0050715603569276855,0.7416706394781892,0.33741785327850965,0.0
hawbeckereddy_2017_02_10_120008.jpg,hawbeckereddy,2017,02,10,120008,0.002488645482346943,0.20862542527141525,0.33851058553317387,0.0
hawbeckereddy_2017_02_11_120005.jpg,hawbeckereddy,2017,02,11,120005,0.01942851022778965,0.0290132619671918,0.3413652012147323,0.0
hawbeckereddy_2017_02_12_120008.jpg,hawbeckereddy,2017,02,12,120008,0.14447334862113353,0.000897945695278133,0.3258281147695779,0.0
hawbeckereddy_2017_02_13_120008.jpg,hawbeckereddy,2017,02,13,120008,0.08421144501664406,0.00260309445901142,0.33109497370419827,0.0
hawbeckereddy_2017_02_14_120009.jpg,hawbeckereddy,2017,02,14,120009,0.14314888641937099,1.3543675645220708e-06,0.32195079360782425,0.0
hawbeckereddy_2017_02_15_120009.jpg,hawbeckereddy,2017,02,15,120009,0.14035432871396472,0.0,0.3242547730770017,0.0
hawbeckereddy_2017_02_16_120008.jpg,hawbeckereddy,2017,02,16,120008,0.12443316667623087,0.0,0.3246937729072069,0.0
hawbeckereddy_2017_02_17_120008.jpg,hawbeckereddy,2017,02,17,120008,0.14247919206609616,1.0834940516176567e-05,0.3238029639061446,0.0
hawbeckereddy_2017_02_18_120008.jpg,hawbeckereddy,2017,02,18,120008,0.15565993731175123,0.0,0.32274098257469924,0.0
hawbeckereddy_2017_02_19_120009.jpg,hawbeckereddy,2017,02,19,120009,0.15163888469376133,0.0,0.32420554488885084,0.0
hawbeckereddy_2017_02_20_120008.jpg,hawbeckereddy,2017,02,20,120008,0.14531098829834826,3.1150453984007625e-05,0.3261544953925195,0.0
hawbeckereddy_2017_02_21_120008.jpg,hawbeckereddy,2017,02,21,120008,0.14541156957048734,0.0,0.32577495243467397,0.0
hawbeckereddy_2017_02_22_120007.jpg,hawbeckereddy,2017,02,22,120007,0.14651314145139108,0.0,0.3267323848512992,0.0
hawbeckereddy_2017_02_23_120006.jpg,hawbeckereddy,2017,02,23,120006,0.15149668972255204,0.0,0.327903140717812,0.0
hawbeckereddy_2017_02_24_120009.jpg,hawbeckereddy,2017,02,24,120009,0.1523990647396302,0.0,0.32801115442560874,0.0
hawbeckereddy_2017_02_25_120005.jpg,hawbeckereddy,2017,02,25,120005,0.14540141449761743,0.0,0.3209844896386757,0.0
hawbeckereddy_2017_02_26_120007.jpg,hawbeckereddy,2017,02,26,120007,0.1459508674285133,0.0,0.3212903906121732,0.0
hawbeckereddy_2017_02_27_120009.jpg,hawbeckereddy,2017,02,27,120009,0.12678470595518468,4.063102693566212e-06,0.32346950881687314,0.0
hawbeckereddy_2017_02_28_120008.jpg,hawbeckereddy,2017,02,28,120008,0.15430491766437696,0.0,0.32345400534101154,0.0
hawbeckereddy_2017_03_01_120009.jpg,hawbeckereddy,2017,03,01,120009,0.14631819014026073,0.0,0.3246147334186217,0.0
hawbeckereddy_2017_03_02_120008.jpg,hawbeckereddy,2017,03,02,120008,0.1576147493061497,5.417470258088283e-06,0.32069645207648595,0.0
hawbeckereddy_2017_03_03_120008.jpg,hawbeckereddy,2017,03,03,120008,0.1362547204034704,0.0,0.32339922000729165,0.0
hawbeckereddy_2017_03_04_120007.jpg,hawbeckereddy,2017,03,04,120007,0.13947728859286104,0.0,0.3240432529606115,0.0
hawbeckereddy_2017_03_05_120008.jpg,hawbeckereddy,2017,03,05,120008,0.14483759735521326,0.0,0.3228092128198482,0.0
hawbeckereddy_2017_03_06_120009.jpg,hawbeckereddy,2017,03,06,120009,0.15071722099063395,0.0,0.3241488591193034,0.0
hawbeckereddy_2017_03_07_120008.jpg,hawbeckereddy,2017,03,07,120008,0.13875834216055682,0.0,0.3253912637097833,0.0
hawbeckereddy_2017_03_08_120006.jpg,hawbeckereddy,2017,03,08,120006,0.14378367717874332,0.0,0.3272246874913394,0.0
hawbeckereddy_2017_03_09_120009.jpg,hawbeckereddy,2017,03,09,120009,0.14517776246087893,0.0,0.325835483310308,0.0
hawbeckereddy_2017_03_10_120009.jpg,hawbeckereddy,2017,03,10,120009,-0.0019737761933409747,0.5152623680845992,0.3381314328476086,0.0
hawbeckereddy_2017_03_11_120006.jpg,hawbeckereddy,2017,03,11,120006,0.014429643343745621,0.04986916809326717,0.3365849225823215,0.0
hawbeckereddy_2017_03_12_120007.jpg,hawbeckereddy,2017,03,12,120007,0.012205770692818647,0.15482046503564695,0.336819221183541,0.0
hawbeckereddy_2017_03_13_120009.jpg,hawbeckereddy,2017,03,13,120009,0.024698241405357698,0.1096346999804971,0.3338021087009612,0.0
hawbeckereddy_2017_03_14_120008.jpg,hawbeckereddy,2017,03,14,120008,-0.004848787206243866,0.6747757167313152,0.3384726469154253,0.0
hawbeckereddy_2017_03_15_120008.jpg,hawbeckereddy,2017,03,15,120008,-0.004403353340792131,0.6659655557240991,0.33710556590920937,0.0
hawbeckereddy_2017_03_16_120006.jpg,hawbeckereddy,2017,03,16,120006,0.008669677459319904,0.04292938869265608,0.3382473184842535,0.0
hawbeckereddy_2017_03_17_120009.jpg,hawbeckereddy,2017,03,17,120009,0.025948694631863153,0.04997480876329989,0.33735025778475414,0.0
hawbeckereddy_2017_03_18_120008.jpg,hawbeckereddy,2017,03,18,120008,0.11128721989652418,0.06613783127830629,0.31832940521138303,0.0
hawbeckereddy_2017_03_19_120008.jpg,hawbeckereddy,2017,03,19,120008,0.12818883990731128,0.050809099183045485,0.31853430101137814,0.0
hawbeckereddy_2017_03_20_120005.jpg,hawbeckereddy,2017,03,20,120005,0.13567962308472586,0.00930044206557306,0.32351996895444984,0.0
hawbeckereddy_2017_03_21_120009.jpg,hawbeckereddy,2017,03,21,120009,0.1403668194625533,0.002662686631850391,0.3248978854411596,0.0
hawbeckereddy_2017_03_22_120005.jpg,hawbeckereddy,2017,03,22,120005,0.1412298206726984,0.0,0.32388799372240057,0.0
hawbeckereddy_2017_03_23_120007.jpg,hawbeckereddy,2017,03,23,120007,0.14411415159852056,0.0,0.325392624785574,0.0
hawbeckereddy_2017_03_24_120008.jpg,hawbeckereddy,2017,03,24,120008,0.15816777300787302,0.0,0.32384301773114743,0.0
hawbeckereddy_2017_03_25_120009.jpg,hawbeckereddy,2017,03,25,120009,0.15043845547283066,0.0,0.3263101597246713,0.0
hawbeckereddy_2017_03_26_120008.jpg,hawbeckereddy,2017,03,26,120008,0.14671169401131118,0.0,0.3255122219463388,0.0
hawbeckereddy_2017_03_27_120008.jpg,hawbeckereddy,2017,03,27,120008,0.14555467718317844,0.0,0.3261484479778226,0.0
hawbeckereddy_2017_03_28_120008.jpg,hawbeckereddy,2017,03,28,120008,0.14580891704447643,0.0,0.32340511555975987,0.0
hawbeckereddy_2017_03_29_120008.jpg,hawbeckereddy,2017,03,29,120008,0.154690024624269,0.0,0.32446625727075057,0.0
hawbeckereddy_2017_03_30_120008.jpg,hawbeckereddy,2017,03,30,120008,0.14236712033547486,0.0,0.3272637889428341,0.0
hawbeckereddy_2017_03_31_120008.jpg,hawbeckereddy,2017,03,31,120008,0.13656354640107327,0.0,0.32328647038943686,0.0
hawbeckereddy_2017_04_01_120008.jpg,hawbeckereddy,2017,04,01,120008,0.13456967437665848,0.0,0.32385295626300126,0.0
hawbeckereddy_2017_04_06_120011.jpg,hawbeckereddy,2017,04,06,120011,0.139802494852553,0.0,0.33169586458271727,0.0
hawbeckereddy_2017_04_07_120009.jpg,hawbeckereddy,2017,04,07,120009,0.13463822995627725,0.0,0.32603086885644655,0.0
hawbeckereddy_2017_04_08_120006.jpg,hawbeckereddy,2017,04,08,120006,0.14801207852072928,0.0,0.32516365090340943,0.0
hawbeckereddy_2017_04_09_120008.jpg,hawbeckereddy,2017,04,09,120008,0.142183540088249,0.0,0.32808649201278217,0.0
hawbeckereddy_2017_04_10_120008.jpg,hawbeckereddy,2017,04,10,120008,0.11954005426735427,0.0,0.3333859725685047,0.0
hawbeckereddy_2017_04_11_120008.jpg,hawbeckereddy,2017,04,11,120008,0.12050750038932354,0.0,0.3335260921112068,0.0
hawbeckereddy_2017_04_12_120009.jpg,hawbeckereddy,2017,04,12,120009,0.13977261879381364,0.0,0.3288855409749021,0.0
hawbeckereddy_2017_04_13_120008.jpg,hawbeckereddy,2017,04,13,120008,0.13580039494570187,0.0,0.32991447940718305,0.0
hawbeckereddy_2017_04_14_120008.jpg,hawbeckereddy,2017,04,14,120008,0.14178146317716872,0.0,0.33065028124012374,0.0
hawbeckereddy_2017_04_15_120008.jpg,hawbeckereddy,2017,04,15,120008,0.15118636124823204,0.0,0.33352136926450426,0.0
hawbeckereddy_2017_04_16_120008.jpg,hawbeckereddy,2017,04,16,120008,0.1507547208459211,0.0,0.33339338376943395,0.0
hawbeckereddy_2017_04_17_120006.jpg,hawbeckereddy,2017,04,17,120006,0.15350661660879367,0.0,0.33407826531013496,0.0
hawbeckereddy_2017_04_18_120009.jpg,hawbeckereddy,2017,04,18,120009,0.15325987499599744,1.0834940516176567e-05,0.33583951703381193,0.0
hawbeckereddy_2017_04_19_120009.jpg,hawbeckereddy,2017,04,19,120009,0.1435703677922059,2.7087351290441417e-06,0.3345606764451073,0.0
hawbeckereddy_2017_04_20_120009.jpg,hawbeckereddy,2017,04,20,120009,0.1480322374303064,0.0,0.34044586620669515,0.0
hawbeckereddy_2017_04_21_120007.jpg,hawbeckereddy,2017,04,21,120007,0.159592081080638,0.0,0.3431788287491575,0.0
hawbeckereddy_2017_04_22_120006.jpg,hawbeckereddy,2017,04,22,120006,0.15066161968587768,0.0,0.345784401909623,0.0
hawbeckereddy_2017_04_23_120008.jpg,hawbeckereddy,2017,04,23,120008,0.15559750304865388,4.333976206470627e-05,0.34450631874904863,0.0
hawbeckereddy_2017_04_24_120006.jpg,hawbeckereddy,2017,04,24,120006,0.1539849240004102,0.0,0.3490375099414099,0.0
hawbeckereddy_2017_04_25_120006.jpg,hawbeckereddy,2017,04,25,120006,0.1430297753699121,0.0,0.350014902306446,0.0
hawbeckereddy_2017_04_26_120008.jpg,hawbeckereddy,2017,04,26,120008,0.15155414690890343,0.0,0.34388607443991753,0.0
hawbeckereddy_2017_04_27_120011.jpg,hawbeckereddy,2017,04,27,120011,0.14841533461046097,0.0,0.34404287360476177,0.0
hawbeckereddy_2017_04_28_120008.jpg,hawbeckereddy,2017,04,28,120008,0.14885758392879828,0.0,0.34164608475909564,0.0
hawbeckereddy_2017_04_29_120008.jpg,hawbeckereddy,2017,04,29,120008,0.15087028046779583,0.0,0.341305858001505,0.0
hawbeckereddy_2017_04_30_120008.jpg,hawbeckereddy,2017,04,30,120008,0.16244674999016318,0.0,0.34183214255264077,0.0
hawbeckereddy_2017_05_01_120008.jpg,hawbeckereddy,2017,05,01,120008,0.15002795015537435,0.0,0.34531330931294707,0.0
hawbeckereddy_2017_05_02_120008.jpg,hawbeckereddy,2017,05,02,120008,0.13392281528353586,0.0,0.3373152465813054,0.0
hawbeckereddy_2017_05_03_120008.jpg,hawbeckereddy,2017,05,03,120008,0.12375797799732839,0.0,0.3404263347600778,0.0
hawbeckereddy_2017_05_04_120009.jpg,hawbeckereddy,2017,05,04,120009,0.1454809260368732,0.0,0.3377079847703866,0.0
hawbeckereddy_2017_05_05_120008.jpg,hawbeckereddy,2017,05,05,120008,0.14193230794245246,0.0,0.3384290797202615,0.0
hawbeckereddy_2017_05_06_120009.jpg,hawbeckereddy,2017,05,06,120009,0.14162487241539543,0.0,0.3360356402344124,0.0
hawbeckereddy_2017_05_07_120009.jpg,hawbeckereddy,2017,05,07,120009,0.14131541035968936,0.0,0.335617727615566,0.0
hawbeckereddy_2017_05_08_120008.jpg,hawbeckereddy,2017,05,08,120008,0.127198352385089,0.0,0.33611629497457524,0.0
hawbeckereddy_2017_05_09_120008.jpg,hawbeckereddy,2017,05,09,120008,0.12736040921948033,0.0,0.33626558539602974,0.0
hawbeckereddy_2017_05_10_120008.jpg,hawbeckereddy,2017,05,10,120008,0.14007294714890148,0.0,0.3399077633975875,0.0
hawbeckereddy_2017_05_11_120009.jpg,hawbeckereddy,2017,05,11,120009,0.14011213154016366,0.0,0.3302021525267166,0.0
hawbeckereddy_2017_05_12_120008.jpg,hawbeckereddy,2017,05,12,120008,0.14425453729894702,0.0,0.33496850558976415,0.0
hawbeckereddy_2017_05_13_120009.jpg,hawbeckereddy,2017,05,13,120009,0.14211356812379763,1.3543675645220708e-06,0.33130293727536764,0.0
hawbeckereddy_2017_05_14_120008.jpg,hawbeckereddy,2017,05,14,120008,0.13750821995881146,0.0,0.33753449886800074,0.0
hawbeckereddy_2017_05_15_120008.jpg,hawbeckereddy,2017,05,15,120008,0.12851227570322513,0.0,0.3333758442649064,0.0
hawbeckereddy_2017_05_16_120008.jpg,hawbeckereddy,2017,05,16,120008,0.13964654369231258,0.0,0.33826029100012134,0.0
hawbeckereddy_2017_05_17_120008.jpg,hawbeckereddy,2017,05,17,120008,0.13526137970985608,0.0,0.3346772831624152,0.0
hawbeckereddy_2017_05_18_120007.jpg,hawbeckereddy,2017,05,18,120007,0.13164203297073618,0.0,0.3355014854443517,0.0
hawbeckereddy_2017_05_19_120009.jpg,hawbeckereddy,2017,05,19,120009,0.13864365916890453,0.0,0.3358159177545858,0.0
hawbeckereddy_2017_05_20_120006.jpg,hawbeckereddy,2017,05,20,120006,0.14932717451777144,0.0,0.3381205927507306,0.0
hawbeckereddy_2017_05_21_120009.jpg,hawbeckereddy,2017,05,21,120009,0.14440035354885292,0.0,0.3425836978496155,0.0
hawbeckereddy_2017_05_22_120008.jpg,hawbeckereddy,2017,05,22,120008,0.149717324903029,0.0,0.33842092630317855,0.0
hawbeckereddy_2017_05_23_120009.jpg,hawbeckereddy,2017,05,23,120009,0.14253358781768358,0.0,0.33920593242271685,0.0
hawbeckereddy_2017_05_25_120009.jpg,hawbeckereddy,2017,05,25,120009,0.13823998304397184,0.0,0.34356544720103155,0.0
hawbeckereddy_2017_05_26_120008.jpg,hawbeckereddy,2017,05,26,120008,0.13210500252946725,0.0,0.34126569784086286,0.0
hawbeckereddy_2017_05_27_120009.jpg,hawbeckereddy,2017,05,27,120009,0.13726043005650038,0.0,0.34508485015314544,0.0
hawbeckereddy_2017_05_28_120006.jpg,hawbeckereddy,2017,05,28,120006,0.14128377931842245,0.0,0.35286497097850245,0.0
hawbeckereddy_2017_05_29_120009.jpg,hawbeckereddy,2017,05,29,120009,0.13231128995041097,0.0,0.34851615905200106,0.0
hawbeckereddy_2017_05_30_120009.jpg,hawbeckereddy,2017,05,30,120009,0.15160115142174616,0.0,0.36103812703618776,0.0
hawbeckereddy_2017_05_31_120008.jpg,hawbeckereddy,2017,05,31,120008,0.1498825577857616,0.0,0.3561736599983957,0.0
hawbeckereddy_2017_06_01_120006.jpg,hawbeckereddy,2017,06,01,120006,0.1341846533829824,1.3543675645220708e-06,0.3586756989200572,0.0
hawbeckereddy_2017_06_02_120008.jpg,hawbeckereddy,2017,06,02,120008,0.14551274993649188,0.0,0.3591659655033497,0.0
hawbeckereddy_2017_06_03_120008.jpg,hawbeckereddy,2017,06,03,120008,0.1383405753254292,4.063102693566212e-06,0.3576669534527808,0.0
hawbeckereddy_2017_06_04_120009.jpg,hawbeckereddy,2017,06,04,120009,0.179226282120526,0.0,0.3704695482447787,0.0
hawbeckereddy_2017_06_05_120008.jpg,hawbeckereddy,2017,06,05,120008,0.1663612898732589,5.417470258088283e-06,0.36831149928862594,0.0
hawbeckereddy_2017_06_06_120008.jpg,hawbeckereddy,2017,06,06,120008,0.1934374299738484,1.3543675645220708e-06,0.3771723789009395,0.0
hawbeckereddy_2017_06_07_120008.jpg,hawbeckereddy,2017,06,07,120008,0.15917246077044875,0.0,0.37018412650221,0.0
hawbeckereddy_2017_06_08_120008.jpg,hawbeckereddy,2017,06,08,120008,0.16401209697681848,0.0,0.37049134759239744,0.0
hawbeckereddy_2017_06_09_120009.jpg,hawbeckereddy,2017,06,09,120009,0.15048730347009917,9.345136195202289e-05,0.36581731081318336,0.0
hawbeckereddy_2017_06_10_120009.jpg,hawbeckereddy,2017,06,10,120009,0.1572086031744652,0.0,0.3708101893827466,0.0
hawbeckereddy_2017_06_11_120008.jpg,hawbeckereddy,2017,06,11,120008,0.15144444442596944,0.00014491732940386158,0.36983541111796275,0.0
hawbeckereddy_2017_06_12_120008.jpg,hawbeckereddy,2017,06,12,120008,0.16090226262027799,6.771837822610354e-06,0.37279353665544285,0.0
hawbeckereddy_2017_06_13_120008.jpg,hawbeckereddy,2017,06,13,120008,0.16070270149918317,6.771837822610354e-06,0.3725686058882698,0.0
hawbeckereddy_2017_06_14_120007.jpg,hawbeckereddy,2017,06,14,120007,0.1564942730414695,0.0,0.37298092320440895,0.0
hawbeckereddy_2017_06_15_120006.jpg,hawbeckereddy,2017,06,15,120006,0.19396302102138258,0.0,0.3934900407475222,0.0
hawbeckereddy_2017_06_16_120006.jpg,hawbeckereddy,2017,06,16,120006,0.21089337598238478,1.3543675645220708e-06,0.4028299481194664,0.0
hawbeckereddy_2017_06_17_120008.jpg,hawbeckereddy,2017,06,17,120008,0.17768544081245286,0.00011647561054889809,0.3914783734884071,0.0
hawbeckereddy_2017_06_18_120006.jpg,hawbeckereddy,2017,06,18,120006,0.1793746196912446,1.4898043209742779e-05,0.39776032473114725,0.0
hawbeckereddy_2017_06_19_120008.jpg,hawbeckereddy,2017,06,19,120008,0.19220687623025176,1.2189308080698637e-05,0.40631892123155805,0.0
hawbeckereddy_2017_06_20_120008.jpg,hawbeckereddy,2017,06,20,120008,0.20939315267686023,0.00041985394500184195,0.41342275350835694,0.0
hawbeckereddy_2017_06_21_120008.jpg,hawbeckereddy,2017,06,21,120008,0.2014532047594543,0.0,0.41442352628049467,0.0
hawbeckereddy_2017_06_22_120008.jpg,hawbeckereddy,2017,06,22,120008,0.2166721526470647,0.0,0.4280863575284921,0.0
hawbeckereddy_2017_06_23_120009.jpg,hawbeckereddy,2017,06,23,120009,0.2125314216245157,9.074262682297874e-05,0.42396881576763884,0.0
hawbeckereddy_2017_06_24_120008.jpg,hawbeckereddy,2017,06,24,120008,0.20060719241438502,0.0006528051660996381,0.4174024604407995,0.0
hawbeckereddy_2017_06_25_120009.jpg,hawbeckereddy,2017,06,25,120009,0.21103933992820367,0.0006636401066158147,0.4286897931101129,0.0
hawbeckereddy_2017_06_26_120008.jpg,hawbeckereddy,2017,06,26,120008,0.20595927769636688,0.0003900578585823564,0.4188902853521331,0.0
hawbeckereddy_2017_06_27_120008.jpg,hawbeckereddy,2017,06,27,120008,0.20493702723345636,2.5732983725919344e-05,0.42490524418327735,0.0
hawbeckereddy_2017_06_28_120007.jpg,hawbeckereddy,2017,06,28,120007,0.21357306905665038,0.00020180076711378853,0.42068551038759416,0.0
hawbeckereddy_2017_06_29_120009.jpg,hawbeckereddy,2017,06,29,120009,0.20929999196807572,0.00023972305892040654,0.4216231416669374,0.0
hawbeckereddy_2017_06_30_120008.jpg,hawbeckereddy,2017,06,30,120008,0.21991843118779936,2.3024248596875204e-05,0.43065025946632696,0.0
hawbeckereddy_2017_07_01_120007.jpg,hawbeckereddy,2017,07,01,120007,0.23918140372505506,0.0015344984506035061,0.45472116708344695,0.0
hawbeckereddy_2017_07_02_120008.jpg,hawbeckereddy,2017,07,02,120008,0.2111180909274845,0.0008180380089713307,0.42929491723170116,0.0
hawbeckereddy_2017_07_03_120009.jpg,hawbeckereddy,2017,07,03,120009,0.213430214455208,0.001302901597070232,0.4418806590711073,0.0
hawbeckereddy_2017_07_04_120008.jpg,hawbeckereddy,2017,07,04,120008,0.22646379922407694,0.0014220859427481742,0.441779456092168,0.0
hawbeckereddy_2017_07_05_120009.jpg,hawbeckereddy,2017,07,05,120009,0.22397607084089355,0.001492513056103322,0.4378290895060354,0.0
hawbeckereddy_2017_07_06_120009.jpg,hawbeckereddy,2017,07,06,120009,0.23602079261471193,0.0020207164062669295,0.44965080952713815,0.0
hawbeckereddy_2017_07_07_120009.jpg,hawbeckereddy,2017,07,07,120009,0.23674441321406275,0.0009751446464558909,0.44341333884252887,0.0
hawbeckereddy_2017_07_08_120009.jpg,hawbeckereddy,2017,07,08,120009,0.22030572123642767,0.0034157149977246627,0.45161900175700703,0.0
hawbeckereddy_2017_07_09_120008.jpg,hawbeckereddy,2017,07,09,120008,0.22426992640726168,0.0009141981060523977,0.4341906139896676,0.0
hawbeckereddy_2017_07_10_120007.jpg,hawbeckereddy,2017,07,10,120007,0.23102848993637623,0.0020369688170411944,0.44589413782451126,0.0
hawbeckereddy_2017_07_11_120009.jpg,hawbeckereddy,2017,07,11,120009,0.24980542361039454,0.0009439941924718833,0.44323757062212893,0.0
hawbeckereddy_2017_07_12_120009.jpg,hawbeckereddy,2017,07,12,120009,0.2556154811566725,0.0019191388389277744,0.45186587415869717,0.0
hawbeckereddy_2017_07_13_120006.jpg,hawbeckereddy,2017,07,13,120006,0.25396604004584133,0.002607157561704986,0.45387123569458127,0.0
hawbeckereddy_2017_07_14_120009.jpg,hawbeckereddy,2017,07,14,120009,0.23771705509875413,0.0031434871172557263,0.44546494508434586,0.0
hawbeckereddy_2017_07_15_120008.jpg,hawbeckereddy,2017,07,15,120008,0.2343194913900898,0.0030500357553037032,0.4432027595579462,0.0
hawbeckereddy_2017_07_16_120009.jpg,hawbeckereddy,2017,07,16,120009,0.23931744822142148,0.00283875441523826,0.44635254613305236,0.0
hawbeckereddy_2017_07_17_120006.jpg,hawbeckereddy,2017,07,17,120006,0.2504796164947886,0.003119108501094329,0.4526541050464142,0.0
hawbeckereddy_2017_07_18_120008.jpg,hawbeckereddy,2017,07,18,120008,0.2533790421585855,0.0028265651071575615,0.45052134229311874,0.0
hawbeckereddy_2017_07_19_120007.jpg,hawbeckereddy,2017,07,19,120007,0.253088708206521,0.003463117862482935,0.45210635606571875,0.0
hawbeckereddy_2017_07_20_120008.jpg,hawbeckereddy,2017,07,20,120008,0.25942889025930327,0.0029349145123193274,0.45256627439920805,0.0
hawbeckereddy_2017_07_21_120008.jpg,hawbeckereddy,2017,07,21,120008,0.25719790890648303,0.0026911283507053546,0.44979447810879725,0.0
hawbeckereddy_2017_07_22_120008.jpg,hawbeckereddy,2017,07,22,120008,0.25462437561346546,0.0031868268793204327,0.4507867898276193,0.0
hawbeckereddy_2017_07_23_120008.jpg,hawbeckereddy,2017,07,23,120008,0.2463940699264574,0.004270320930938089,0.44793428595764206,0.0
hawbeckereddy_2017_07_24_120008.jpg,hawbeckereddy,2017,07,24,120008,0.23327178199382648,0.004913645524086073,0.4409983563832321,0.0
hawbeckereddy_2017_07_25_120005.jpg,hawbeckereddy,2017,07,25,120005,0.22996120700170888,0.0032450646845948814,0.4355432300910641,0.0
hawbeckereddy_2017_07_26_120007.jpg,hawbeckereddy,2017,07,26,120007,0.2291723846856197,0.003919539731726873,0.4308822296088409,0.0
hawbeckereddy_2017_07_27_120006.jpg,hawbeckereddy,2017,07,27,120006,0.22779625142138313,0.003480724640821722,0.42945304393253003,0.0
hawbeckereddy_2017_07_28_120008.jpg,hawbeckereddy,2017,07,28,120008,0.21903540715361156,0.0030879580471103213,0.42904611796014636,0.0
hawbeckereddy_2017_07_29_120008.jpg,hawbeckereddy,2017,07,29,120008,0.20425281495607572,0.0031123366632717186,0.42157895833648357,0.0
hawbeckereddy_2017_07_30_120008.jpg,hawbeckereddy,2017,07,30,120008,0.21006159595556045,0.005528528398379093,0.4259525688050507,0.0
hawbeckereddy_2017_07_31_120008.jpg,hawbeckereddy,2017,07,31,120008,0.20428128099029258,0.006249051942704835,0.42243190027121286,0.0
hawbeckereddy_2017_08_01_120008.jpg,hawbeckereddy,2017,08,01,120008,0.20805427568827195,0.004438262508938826,0.41987320946321754,0.0
hawbeckereddy_2017_08_02_120008.jpg,hawbeckereddy,2017,08,02,120008,0.2053008204186771,0.0030893124146748434,0.4231783934605584,0.0
hawbeckereddy_2017_08_03_120008.jpg,hawbeckereddy,2017,08,03,120008,0.20713332142370824,0.0031096279281426745,0.4213680249281952,0.0
hawbeckereddy_2017_08_04_120008.jpg,hawbeckereddy,2017,08,04,120008,0.199604205495291,0.005124926864151516,0.4181405964779367,0.0
hawbeckereddy_2017_08_05_120008.jpg,hawbeckereddy,2017,08,05,120008,0.19472341973088503,0.0084377099269725,0.41872164485977437,0.0
hawbeckereddy_2017_08_06_120008.jpg,hawbeckereddy,2017,08,06,120008,0.21058373256439714,0.0035714672676447007,0.4218694849251599,0.0
hawbeckereddy_2017_08_07_120008.jpg,hawbeckereddy,2017,08,07,120008,0.2218273565772615,0.003310074327691941,0.4325384655502848,0.0
hawbeckereddy_2017_08_08_120006.jpg,hawbeckereddy,2017,08,08,120006,0.20820273047635704,0.005769605824864021,0.4210627506225463,0.0
hawbeckereddy_2017_08_09_120006.jpg,hawbeckereddy,2017,08,09,120006,0.20286257548075126,0.005217023858539016,0.4193508800449158,0.0
hawbeckereddy_2017_08_10_120007.jpg,hawbeckereddy,2017,08,10,120007,0.20950087189025857,0.003502394521854075,0.41886017351469895,0.0
hawbeckereddy_2017_08_11_120008.jpg,hawbeckereddy,2017,08,11,120008,0.1984192955675485,0.003276215138578889,0.4182138662328275,0.0
hawbeckereddy_2017_08_12_120008.jpg,hawbeckereddy,2017,08,12,120008,0.19367661125143867,0.00393037467224305,0.4241009003166139,0.0
hawbeckereddy_2017_08_13_120008.jpg,hawbeckereddy,2017,08,13,120008,0.18764744303422748,0.005347043144733135,0.42124270900703886,0.0
hawbeckereddy_2017_08_14_120008.jpg,hawbeckereddy,2017,08,14,120008,0.2037307527689109,0.0037190933321776063,0.4188432787566918,0.0
hawbeckereddy_2017_08_15_120008.jpg,hawbeckereddy,2017,08,15,120008,0.2053831553665356,0.004067165796259779,0.41647377860562884,0.0
hawbeckereddy_2017_08_16_120008.jpg,hawbeckereddy,2017,08,16,120008,0.19712144715446098,0.005777732030251154,0.4153917148419343,0.0
hawbeckereddy_2017_08_17_120007.jpg,hawbeckereddy,2017,08,17,120007,0.19400152356263461,0.005299640279974863,0.4161502200327825,0.0
hawbeckereddy_2017_08_18_120008.jpg,hawbeckereddy,2017,08,18,120008,0.20937728352541848,0.003536253710967127,0.42771100809606794,0.0
hawbeckereddy_2017_08_19_120007.jpg,hawbeckereddy,2017,08,19,120007,0.19780544371353265,0.0038992242182590417,0.41630791430850567,0.0
hawbeckereddy_2017_08_20_120008.jpg,hawbeckereddy,2017,08,20,120008,0.17680849254794198,0.007348798405096756,0.40639883676585475,0.0
hawbeckereddy_2017_08_21_120008.jpg,hawbeckereddy,2017,08,21,120008,0.18988444663324652,0.005760125251912367,0.40982227621865064,0.0
hawbeckereddy_2017_08_22_120008.jpg,hawbeckereddy,2017,08,22,120008,0.18587312309326054,0.0045005634169068415,0.40976771821327734,0.0
hawbeckereddy_2017_08_23_120009.jpg,hawbeckereddy,2017,08,23,120009,0.1829417066621152,0.006435954666608881,0.40489808542039885,0.0
hawbeckereddy_2017_08_24_120007.jpg,hawbeckereddy,2017,08,24,120007,0.18460515910095207,0.003966942596485145,0.4091093276664943,0.0
hawbeckereddy_2017_08_25_120007.jpg,hawbeckereddy,2017,08,25,120007,0.17860548814558372,0.004784980605456476,0.4058523693136726,0.0
hawbeckereddy_2017_08_26_120008.jpg,hawbeckereddy,2017,08,26,120008,0.18328786177270948,0.005643649641363469,0.4025223211975298,0.0
hawbeckereddy_2017_08_27_120008.jpg,hawbeckereddy,2017,08,27,120008,0.19235486744265043,0.003709612759225952,0.4026610509687772,0.0
hawbeckereddy_2017_08_28_120008.jpg,hawbeckereddy,2017,08,28,120008,0.18738291495465262,0.004423364465729083,0.400933712103777,0.0
hawbeckereddy_2017_08_29_120009.jpg,hawbeckereddy,2017,08,29,120009,0.18792204980587898,0.0035890740459834877,0.40697829565388693,0.0
hawbeckereddy_2017_08_30_120009.jpg,hawbeckereddy,2017,08,30,120009,0.17918093083253384,0.00554613517671788,0.40028461994285064,0.0
hawbeckereddy_2017_08_31_120009.jpg,hawbeckereddy,2017,08,31,120009,0.19407983615129296,0.0033019481223048085,0.40318254379550067,0.0
hawbeckereddy_2017_09_01_120008.jpg,hawbeckereddy,2017,09,01,120008,0.18522557549857768,0.00402247166663055,0.39625109604117426,0.0
hawbeckereddy_2017_09_02_120008.jpg,hawbeckereddy,2017,09,02,120008,0.20482345542443403,0.0035321906082735606,0.4082884145298472,0.0
hawbeckereddy_2017_09_03_120008.jpg,hawbeckereddy,2017,09,03,120008,0.14903225238699117,0.008990291893297506,0.39035134103143593,0.0
hawbeckereddy_2017_09_04_120009.jpg,hawbeckereddy,2017,09,04,120009,0.1835813069070498,0.0047836262378919536,0.39348932144610815,0.0
hawbeckereddy_2017_09_05_120009.jpg,hawbeckereddy,2017,09,05,120009,0.22935498032049295,0.002577361475285501,0.41799279185247035,0.0
hawbeckereddy_2017_09_06_120008.jpg,hawbeckereddy,2017,09,06,120008,0.17889406381657202,0.0033574771924502135,0.39346037276584284,0.0
hawbeckereddy_2017_09_07_120008.jpg,hawbeckereddy,2017,09,07,120008,0.1694624296491607,0.007096886038095651,0.3876473194507,0.0
hawbeckereddy_2017_09_08_120008.jpg,hawbeckereddy,2017,09,08,120008,0.15704939076621205,0.005035538604893059,0.3871619158137207,0.0
hawbeckereddy_2017_09_09_120008.jpg,hawbeckereddy,2017,09,09,120008,0.15798808985581203,0.0041890588770667645,0.3872023573285177,0.0
hawbeckereddy_2017_09_10_120009.jpg,hawbeckereddy,2017,09,10,120009,0.17051899361574596,0.0054066353175721065,0.3833239056388747,0.0
hawbeckereddy_2017_09_11_120009.jpg,hawbeckereddy,2017,09,11,120009,0.17050918446826946,0.005326727631265305,0.3797327398110613,0.0
hawbeckereddy_2017_09_12_120008.jpg,hawbeckereddy,2017,09,12,120008,0.1794364265452864,0.004439616876503348,0.37858514508581675,0.0
hawbeckereddy_2017_09_13_120007.jpg,hawbeckereddy,2017,09,13,120007,0.18435202431381298,0.0033358073114178603,0.3826118435437233,0.0
hawbeckereddy_2017_09_14_120008.jpg,hawbeckereddy,2017,09,14,120008,0.18005842752704662,0.004122694866405183,0.3856983428345303,0.0
hawbeckereddy_2017_09_15_120008.jpg,hawbeckereddy,2017,09,15,120008,0.17334038610953614,0.004175515201421544,0.37303644229054245,0.0
hawbeckereddy_2017_09_16_120008.jpg,hawbeckereddy,2017,09,16,120008,0.16731590782505928,0.004325850001083494,0.3688447898531308,0.0
hawbeckereddy_2017_09_17_120008.jpg,hawbeckereddy,2017,09,17,120008,0.16385728716757164,0.0043800247036643765,0.36528882819147024,0.0
hawbeckereddy_2017_09_18_120009.jpg,hawbeckereddy,2017,09,18,120009,0.1541290691234145,0.005235985004442325,0.3609571502553286,0.0
hawbeckereddy_2017_09_19_120009.jpg,hawbeckereddy,2017,09,19,120009,0.16546590171284967,0.002333575313671528,0.3630888101712699,0.0
hawbeckereddy_2017_09_20_120008.jpg,hawbeckereddy,2017,09,20,120008,0.13425367428761004,0.008571792315860185,0.35325293755054715,0.0
hawbeckereddy_2017_09_21_120009.jpg,hawbeckereddy,2017,09,21,120009,0.1431820784804554,0.006085173467397664,0.3507368246064249,0.0
hawbeckereddy_2017_09_22_120008.jpg,hawbeckereddy,2017,09,22,120008,0.12966982628931784,0.011000173359048258,0.3435884296647799,0.0
hawbeckereddy_2017_09_23_120008.jpg,hawbeckereddy,2017,09,23,120008,0.11294648932627736,9.074262682297874e-05,0.33227524081783677,0.0
hawbeckereddy_2017_09_24_120008.jpg,hawbeckereddy,2017,09,24,120008,0.11571597021939727,3.25048215485297e-05,0.3319967675017364,0.0
hawbeckereddy_2017_09_25_120009.jpg,hawbeckereddy,2017,09,25,120009,0.11925732620790049,2.8441718854963485e-05,0.33195950858173023,0.0
hawbeckereddy_2017_09_26_120008.jpg,hawbeckereddy,2017,09,26,120008,0.12423903194505988,0.0,0.3315425679125938,0.0
hawbeckereddy_2017_09_27_120008.jpg,hawbeckereddy,2017,09,27,120008,0.12230753216316557,1.896114590330899e-05,0.33173307226023396,0.0
hawbeckereddy_2017_09_28_120008.jpg,hawbeckereddy,2017,09,28,120008,0.11101923813533486,0.00019232019416213404,0.33073649043443787,0.0
hawbeckereddy_2017_09_29_120008.jpg,hawbeckereddy,2017,09,29,120008,0.11185345729459337,2.7087351290441417e-06,0.33535560019456123,0.0
hawbeckereddy_2017_09_30_120009.jpg,hawbeckereddy,2017,09,30,120009,0.11469332323150709,5.417470258088283e-06,0.3325860596180376,0.0
hawbeckereddy_2017_10_01_120006.jpg,hawbeckereddy,2017,10,01,120006,0.11151454967646926,0.00011241250785533188,0.3309988491065257,0.0
hawbeckereddy_2017_10_02_120008.jpg,hawbeckereddy,2017,10,02,120008,0.11313808850719848,7.313584848419183e-05,0.33117193825402086,0.0
hawbeckereddy_2017_10_03_120008.jpg,hawbeckereddy,2017,10,03,120008,0.11438305045341839,9.480572951654495e-06,0.3314604171239124,0.0
hawbeckereddy_2017_10_04_120009.jpg,hawbeckereddy,2017,10,04,120009,0.11480212427601263,5.55290701454049e-05,0.3317236634766712,0.0
hawbeckereddy_2017_10_05_120006.jpg,hawbeckereddy,2017,10,05,120006,0.12383704340963543,1.2189308080698637e-05,0.33392853089240887,0.0
hawbeckereddy_2017_10_06_120007.jpg,hawbeckereddy,2017,10,06,120007,0.13345321570408936,0.0,0.3296976899265839,0.0
hawbeckereddy_2017_10_07_120009.jpg,hawbeckereddy,2017,10,07,120009,0.12158880345151611,0.0,0.3334964363949607,0.0
hawbeckereddy_2017_10_08_120008.jpg,hawbeckereddy,2017,10,08,120008,0.1284761602790591,3.385918911305177e-05,0.3294460411347959,0.0
hawbeckereddy_2017_10_09_120008.jpg,hawbeckereddy,2017,10,09,120008,0.13519413485736947,0.00015033479966194984,0.32548702751556363,0.0
hawbeckereddy_2017_10_10_120008.jpg,hawbeckereddy,2017,10,10,120008,0.12119221803746608,0.0009331592519557068,0.3310691838792228,0.0
hawbeckereddy_2017_10_11_120008.jpg,hawbeckereddy,2017,10,11,120008,0.11610644054424249,0.000440169458469673,0.32729700902078757,0.0
hawbeckereddy_2017_10_12_120008.jpg,hawbeckereddy,2017,10,12,120008,0.1380407946095779,2.7087351290441414e-05,0.33874814970544864,0.0
hawbeckereddy_2017_10_13_120008.jpg,hawbeckereddy,2017,10,13,120008,0.1437806315194433,3.521355667757384e-05,0.34445470078052853,0.0
hawbeckereddy_2017_10_14_120009.jpg,hawbeckereddy,2017,10,14,120009,0.15940591937679802,2.4378616161397274e-05,0.35287353048592274,0.0
hawbeckereddy_2017_10_17_120010.jpg,hawbeckereddy,2017,10,17,120010,0.14785222349854482,3.25048215485297e-05,0.35278302973272224,0.0
hawbeckereddy_2017_10_18_120009.jpg,hawbeckereddy,2017,10,18,120009,0.15246171137544665,2.031551346783106e-05,0.355095418013378,0.0
hawbeckereddy_2017_10_19_120008.jpg,hawbeckereddy,2017,10,19,120008,0.15466649505228902,1.760677833878692e-05,0.357788279352847,0.0
hawbeckereddy_2017_10_20_120009.jpg,hawbeckereddy,2017,10,20,120009,0.1548358450500064,1.760677833878692e-05,0.3584875290158937,0.0
hawbeckereddy_2017_10_21_120007.jpg,hawbeckereddy,2017,10,21,120007,0.1711606323703653,6.771837822610354e-06,0.36469500224331425,0.0
hawbeckereddy_2017_10_22_120008.jpg,hawbeckereddy,2017,10,22,120008,0.170295501984813,8.126205387132425e-06,0.3666679949682485,0.0
hawbeckereddy_2017_10_23_120008.jpg,hawbeckereddy,2017,10,23,120008,0.19495415142115058,0.0,0.3842505349389876,0.0
hawbeckereddy_2017_10_24_120008.jpg,hawbeckereddy,2017,10,24,120008,0.2018877668796547,5.417470258088283e-06,0.3909395030037608,0.0
hawbeckereddy_2017_10_25_120007.jpg,hawbeckereddy,2017,10,25,120007,0.19560807766567478,1.4898043209742779e-05,0.3889635356139689,0.0
hawbeckereddy_2017_10_26_120009.jpg,hawbeckereddy,2017,10,26,120009,0.18556308927717588,2.7087351290441417e-06,0.3785370555342692,0.0
hawbeckereddy_2017_10_27_120008.jpg,hawbeckereddy,2017,10,27,120008,0.17236747442012806,8.532515656489046e-05,0.3752513174330597,0.0
hawbeckereddy_2017_10_28_120008.jpg,hawbeckereddy,2017,10,28,120008,0.18857357209416997,1.760677833878692e-05,0.37866010249422694,0.0
hawbeckereddy_2017_10_29_120008.jpg,hawbeckereddy,2017,10,29,120008,0.20979948886899366,5.417470258088283e-06,0.3969482132669889,0.0
hawbeckereddy_2017_10_30_120008.jpg,hawbeckereddy,2017,10,30,120008,0.17509177893848638,0.00014085422671029536,0.37809403395929864,0.0
hawbeckereddy_2017_10_31_120008.jpg,hawbeckereddy,2017,10,31,120008,0.20054290529607846,2.1669881032353134e-05,0.3934105333881809,0.0
hawbeckereddy_2017_11_01_120008.jpg,hawbeckereddy,2017,11,01,120008,0.21187155103398672,0.0,0.40149483197545477,0.0
hawbeckereddy_2017_11_02_120009.jpg,hawbeckereddy,2017,11,02,120009,0.21620571358482452,1.3543675645220707e-05,0.396338000687355,0.0
hawbeckereddy_2017_11_03_120009.jpg,hawbeckereddy,2017,11,03,120009,0.2297271704548158,1.2189308080698637e-05,0.40947718895779195,0.0
hawbeckereddy_2017_11_04_120009.jpg,hawbeckereddy,2017,11,04,120009,0.21379395425703115,1.4898043209742779e-05,0.3959832016342101,0.0
hawbeckereddy_2017_11_05_120008.jpg,hawbeckereddy,2017,11,05,120008,0.21775192947506578,8.126205387132425e-06,0.414166140859861,0.0
hawbeckereddy_2017_11_06_120007.jpg,hawbeckereddy,2017,11,06,120007,0.2228374117646885,0.0,0.40969415381817753,0.0
hawbeckereddy_2017_11_07_120008.jpg,hawbeckereddy,2017,11,07,120008,0.21546721756097784,0.0,0.4121808927331137,0.0
hawbeckereddy_2017_11_08_120006.jpg,hawbeckereddy,2017,11,08,120006,0.18367735376283134,0.00019638329685570027,0.38779495194297686,0.0
hawbeckereddy_2017_11_09_120007.jpg,hawbeckereddy,2017,11,09,120007,0.20519767878259076,4.063102693566212e-06,0.4049858995168841,0.0
hawbeckereddy_2017_11_14_120009.jpg,hawbeckereddy,2017,11,14,120009,0.19969074784482552,5.417470258088283e-05,0.39706175142390615,0.0
hawbeckereddy_2017_11_15_120006.jpg,hawbeckereddy,2017,11,15,120006,0.19375147010810598,3.927665937114005e-05,0.38661555775511436,0.0
hawbeckereddy_2017_11_16_120008.jpg,hawbeckereddy,2017,11,16,120008,0.1843128485876371,0.00018419398877500163,0.3840129840893169,0.0
hawbeckereddy_2017_11_17_120005.jpg,hawbeckereddy,2017,11,17,120005,0.17507260963660135,0.0001489804320974278,0.37899470559481935,0.0
hawbeckereddy_2017_11_18_120008.jpg,hawbeckereddy,2017,11,18,120008,0.19575513206085343,0.0,0.39649117665971617,0.0
hawbeckereddy_2017_11_19_120007.jpg,hawbeckereddy,2017,11,19,120007,0.2000399965767876,5.417470258088283e-06,0.38846931442046845,0.0
hawbeckereddy_2017_11_20_120007.jpg,hawbeckereddy,2017,11,20,120007,0.1797132078156557,0.00015846100504908229,0.37981679194355106,0.0
hawbeckereddy_2017_11_21_120008.jpg,hawbeckereddy,2017,11,21,120008,0.17289640926442754,0.00018419398877500163,0.37658743402294853,0.0
hawbeckereddy_2017_11_22_120008.jpg,hawbeckereddy,2017,11,22,120008,0.18268161190377408,0.0001069950375972436,0.3873853407048985,0.0
hawbeckereddy_2017_11_23_120008.jpg,hawbeckereddy,2017,11,23,120008,0.1864381841493807,1.3543675645220708e-06,0.3831378240534768,0.0
hawbeckereddy_2017_11_24_120008.jpg,hawbeckereddy,2017,11,24,120008,0.1652664739260014,0.0001990920319847444,0.37181602355308674,0.0
hawbeckereddy_2017_11_25_120009.jpg,hawbeckereddy,2017,11,25,120009,0.1891388443250587,6.771837822610354e-06,0.3831150515074021,0.0
hawbeckereddy_2017_11_26_120008.jpg,hawbeckereddy,2017,11,26,120008,0.18358177473204443,1.896114590330899e-05,0.3813878390213519,0.0
hawbeckereddy_2017_11_27_120008.jpg,hawbeckereddy,2017,11,27,120008,0.1671158685112893,0.0001300192861941188,0.3691305711927501,0.0
hawbeckereddy_2017_11_28_120008.jpg,hawbeckereddy,2017,11,28,120008,0.16621324126305095,0.00014220859427481743,0.36887823073457654,0.0
hawbeckereddy_2017_11_29_120008.jpg,hawbeckereddy,2017,11,29,120008,0.16440914167046358,0.00012595618350055257,0.36679585555384775,0.0
hawbeckereddy_2017_11_30_120008.jpg,hawbeckereddy,2017,11,30,120008,0.18362559472738957,1.760677833878692e-05,0.38063694610338794,0.0
hawbeckereddy_2017_12_01_120009.jpg,hawbeckereddy,2017,12,01,120009,0.138149921525242,0.0005823780527444905,0.3776377657217223,0.0
hawbeckereddy_2017_12_02_120009.jpg,hawbeckereddy,2017,12,02,120009,0.18928278386299524,2.031551346783106e-05,0.371992061258866,0.0
hawbeckereddy_2017_12_03_120008.jpg,hawbeckereddy,2017,12,03,120008,0.17103355743494283,0.0001300192861941188,0.36568896593658445,0.0
hawbeckereddy_2017_12_04_120008.jpg,hawbeckereddy,2017,12,04,120008,0.18549003905882264,2.3024248596875204e-05,0.36960878677186965,0.0
hawbeckereddy_2017_12_05_120008.jpg,hawbeckereddy,2017,12,05,120008,0.1763702549823844,0.0,0.37929217080162375,0.0
hawbeckereddy_2017_12_06_120008.jpg,hawbeckereddy,2017,12,06,120008,0.1487218354204496,0.0005214315123409973,0.3614947305144158,0.0
hawbeckereddy_2017_12_07_120008.jpg,hawbeckereddy,2017,12,07,120008,0.1658046134088747,0.00018825709146856782,0.373857426831238,0.0
hawbeckereddy_2017_12_08_120008.jpg,hawbeckereddy,2017,12,08,120008,0.165416800890783,4.4694129629228334e-05,0.36715480432165665,0.0
hawbeckereddy_2017_12_09_120008.jpg,hawbeckereddy,2017,12,09,120008,0.16023608582663174,8.126205387132424e-05,0.3663197455775221,0.0
hawbeckereddy_2017_12_10_120006.jpg,hawbeckereddy,2017,12,10,120006,0.17562370134269403,4.063102693566212e-06,0.3616438963005662,0.0
hawbeckereddy_2017_12_11_123006.jpg,hawbeckereddy,2017,12,11,123006,0.16705732819372757,2.9796086419485558e-05,0.36418331653663444,0.0
hawbeckereddy_2017_12_13_120007.jpg,hawbeckereddy,2017,12,13,120007,0.14951526807096466,0.0004117277396147095,0.35438427287173413,0.0
hawbeckereddy_2017_12_14_120007.jpg,hawbeckereddy,2017,12,14,120007,0.0007942546928498372,0.3565589312414675,0.3377173679616382,0.0
hawbeckereddy_2017_12_15_120008.jpg,hawbeckereddy,2017,12,15,120008,-0.00040523196034694,0.422588413114612,0.3381587635109233,0.0
hawbeckereddy_2017_12_18_120007.jpg,hawbeckereddy,2017,12,18,120007,0.04834605087511862,0.12691236700110517,0.34498237593594144,0.0
hawbeckereddy_2017_12_19_120006.jpg,hawbeckereddy,2017,12,19,120006,0.15415155250280577,0.0003887034910178343,0.35922301127870215,0.0
hawbeckereddy_2017_12_20_120006.jpg,hawbeckereddy,2017,12,20,120006,0.1514316768989159,0.0003995384315340109,0.3569348791022421,0.0
hawbeckereddy_2017_12_21_120007.jpg,hawbeckereddy,2017,12,21,120007,0.15384406624082408,0.00039276659371140053,0.3578644568290913,0.0
hawbeckereddy_2017_12_24_120009.jpg,hawbeckereddy,2017,12,24,120009,0.16552473063868473,1.625241077426485e-05,0.36395722346428194,0.0
hawbeckereddy_2017_12_25_120007.jpg,hawbeckereddy,2017,12,25,120007,0.025477134985314016,0.05384017379244588,0.3404887353462124,0.0
hawbeckereddy_2017_12_26_120007.jpg,hawbeckereddy,2017,12,26,120007,0.0396981622380247,0.08952911348516697,0.33919880867844693,0.0
hawbeckereddy_2017_12_27_120007.jpg,hawbeckereddy,2017,12,27,120007,0.04266619101940176,0.0665441415476629,0.33897035163862893,0.0
hawbeckereddy_2017_12_28_120006.jpg,hawbeckereddy,2017,12,28,120006,0.0064693698577300935,0.4065960409127354,0.3358763518304208,0.0
hawbeckereddy_2017_12_29_120006.jpg,hawbeckereddy,2017,12,29,120006,0.02637958112788211,0.16425092638741412,0.3364589743072706,0.0
hawbeckereddy_2017_12_31_113006.jpg,hawbeckereddy,2017,12,31,113006,-0.0017678593397995083,0.538415281600104,0.33712653183989116,0.0
